Season,Slot,StrongSeed,WeakSeed,StrongTeamName,WeakTeamName
1985,R1W1,W01,W16,Georgetown,Lehigh
1985,R1W2,W02,W15,Georgia Tech,Mercer
1985,R1W3,W03,W14,Illinois,Northeastern
1985,R1W4,W04,W13,Loyola-Chicago,Iona
1985,R1W5,W05,W12,SMU,Old Dominion
1985,R1W6,W06,W11,Georgia,Wichita St.
1985,R1W7,W07,W10,Syracuse,DePaul
1985,R1W8,W08,W09,Temple,Virginia Tech
1985,R1X1,X01,X16,St. John's,Southern Univ
1985,R1X2,X02,X15,VCU,Marshall
1985,R1X3,X03,X14,NC State,Nevada
1985,R1X4,X04,X13,UNLV,San Diego St.
1985,R1X5,X05,X12,Washington,Kentucky
1985,R1X6,X06,X11,Tulsa,UTEP
1985,R1X7,X07,X10,Alabama,Arizona
1985,R1X8,X08,X09,Iowa,Arkansas
1985,R1Y1,Y01,Y16,Oklahoma,NC A&T
1985,R1Y2,Y02,Y15,Memphis,Penn
1985,R1Y3,Y03,Y14,Duke,Pepperdine
1985,R1Y4,Y04,Y13,Ohio St.,Iowa St.
1985,R1Y5,Y05,Y12,Louisiana Tech,Pittsburgh
1985,R1Y6,Y06,Y11,Texas Tech,Boston College
1985,R1Y7,Y07,Y10,UAB,Michigan St.
1985,R1Y8,Y08,Y09,USC,Illinois St.
1985,R1Z1,Z01,Z16,Michigan,F Dickinson
1985,R1Z2,Z02,Z15,North Carolina,MTSU
1985,R1Z3,Z03,Z14,Kansas,Ohio
1985,R1Z4,Z04,Z13,LSU,Navy
1985,R1Z5,Z05,Z12,Maryland,Miami OH
1985,R1Z6,Z06,Z11,Purdue,Auburn
1985,R1Z7,Z07,Z10,Notre Dame,Oregon St.
1985,R1Z8,Z08,Z09,Villanova,Dayton
1985,R2W1,R1W1,R1W8,Georgetown,Temple
1985,R2W2,R1W2,R1W7,Georgia Tech,Syracuse
1985,R2W3,R1W3,R1W6,Illinois,Georgia
1985,R2W4,R1W4,R1W5,Loyola-Chicago,SMU
1985,R2X1,R1X1,R1X8,St. John's,Arkansas
1985,R2X2,R1X2,R1X7,VCU,Alabama
1985,R2X3,R1X3,R1X6,NC State,UTEP
1985,R2X4,R1X4,R1X5,UNLV,Kentucky
1985,R2Y1,R1Y1,R1Y8,Oklahoma,Illinois St.
1985,R2Y2,R1Y2,R1Y7,Memphis,UAB
1985,R2Y3,R1Y3,R1Y6,Duke,Boston College
1985,R2Y4,R1Y4,R1Y5,Ohio St.,Louisiana Tech
1985,R2Z1,R1Z1,R1Z8,Michigan,Villanova
1985,R2Z2,R1Z2,R1Z7,North Carolina,Notre Dame
1985,R2Z3,R1Z3,R1Z6,Kansas,Auburn
1985,R2Z4,R1Z4,R1Z5,Maryland,Navy
1985,R3W1,R2W1,R2W4,Georgetown,Loyola-Chicago
1985,R3W2,R2W2,R2W3,Georgia Tech,Illinois
1985,R3X1,R2X1,R2X4,St. John's,Kentucky
1985,R3X2,R2X2,R2X3,NC State,Alabama
1985,R3Y1,R2Y1,R2Y4,Oklahoma,Louisiana Tech
1985,R3Y2,R2Y2,R2Y3,Memphis,Boston College
1985,R3Z1,R2Z1,R2Z4,Maryland,Villanova
1985,R3Z2,R2Z2,R2Z3,North Carolina,Auburn
1985,R4W1,R3W1,R3W2,Georgetown,Georgia Tech
1985,R4X1,R3X1,R3X2,St. John's,NC State
1985,R4Y1,R3Y1,R3Y2,Oklahoma,Memphis
1985,R4Z1,R3Z1,R3Z2,North Carolina,Villanova
1985,R5WX,R4W1,R4X1,Georgetown,St. John's
1985,R5YZ,R4Y1,R4Z1,Memphis,Villanova
1985,R6CH,R5WX,R5YZ,Georgetown,Villanova
1986,R1W1,W01,W16,Duke,MS Valley St.
1986,R1W2,W02,W15,Syracuse,Brown
1986,R1W3,W03,W14,Indiana,Cleveland St.
1986,R1W4,W04,W13,Oklahoma,Northeastern
1986,R1W5,W05,W12,Virginia,DePaul
1986,R1W6,W06,W11,Saint Joseph's,Richmond
1986,R1W7,W07,W10,Navy,Tulsa
1986,R1W8,W08,W09,Old Dominion,West Virginia
1986,R1X1,X01,X16,Kansas,NC A&T
1986,R1X2,X02,X15,Michigan,Akron
1986,R1X3,X03,X14,Notre Dame,Ark Little Rock
1986,R1X4,X04,X13,Georgetown,Texas Tech
1986,R1X5,X05,X12,Michigan St.,Washington
1986,R1X6,X06,X11,NC State,Iowa
1986,R1X7,X07,X10,Iowa St.,Miami OH
1986,R1X8,X08,X09,Jacksonville,Temple
1986,R1Y1,Y01,Y16,Kentucky,Davidson
1986,R1Y2,Y02,Y15,Georgia Tech,Marist
1986,R1Y3,Y03,Y14,Memphis,Ball St.
1986,R1Y4,Y04,Y13,Illinois,Fairfield
1986,R1Y5,Y05,Y12,Alabama,Xavier
1986,R1Y6,Y06,Y11,Purdue,LSU
1986,R1Y7,Y07,Y10,Virginia Tech,Villanova
1986,R1Y8,Y08,Y09,WKU,Nebraska
1986,R1Z1,Z01,Z16,St. John's,Montana St.
1986,R1Z2,Z02,Z15,Louisville,Drexel
1986,R1Z3,Z03,Z14,North Carolina,Utah
1986,R1Z4,Z04,Z13,UNLV,ULM
1986,R1Z5,Z05,Z12,Maryland,Pepperdine
1986,R1Z6,Z06,Z11,UAB,Missouri
1986,R1Z7,Z07,Z10,Bradley,UTEP
1986,R1Z8,Z08,Z09,Auburn,Arizona
1986,R2W1,R1W1,R1W8,Duke,Old Dominion
1986,R2W2,R1W2,R1W7,Syracuse,Navy
1986,R2W3,R1W3,R1W6,Saint Joseph's,Cleveland St.
1986,R2W4,R1W4,R1W5,Oklahoma,DePaul
1986,R2X1,R1X1,R1X8,Kansas,Temple
1986,R2X2,R1X2,R1X7,Michigan,Iowa St.
1986,R2X3,R1X3,R1X6,NC State,Ark Little Rock
1986,R2X4,R1X4,R1X5,Georgetown,Michigan St.
1986,R2Y1,R1Y1,R1Y8,Kentucky,WKU
1986,R2Y2,R1Y2,R1Y7,Georgia Tech,Villanova
1986,R2Y3,R1Y3,R1Y6,Memphis,LSU
1986,R2Y4,R1Y4,R1Y5,Illinois,Alabama
1986,R2Z1,R1Z1,R1Z8,St. John's,Auburn
1986,R2Z2,R1Z2,R1Z7,Louisville,Bradley
1986,R2Z3,R1Z3,R1Z6,North Carolina,UAB
1986,R2Z4,R1Z4,R1Z5,UNLV,Maryland
1986,R3W1,R2W1,R2W4,Duke,DePaul
1986,R3W2,R2W2,R2W3,Navy,Cleveland St.
1986,R3X1,R2X1,R2X4,Kansas,Michigan St.
1986,R3X2,R2X2,R2X3,NC State,Iowa St.
1986,R3Y1,R2Y1,R2Y4,Kentucky,Alabama
1986,R3Y2,R2Y2,R2Y3,Georgia Tech,LSU
1986,R3Z1,R2Z1,R2Z4,UNLV,Auburn
1986,R3Z2,R2Z2,R2Z3,Louisville,North Carolina
1986,R4W1,R3W1,R3W2,Duke,Navy
1986,R4X1,R3X1,R3X2,Kansas,NC State
1986,R4Y1,R3Y1,R3Y2,Kentucky,LSU
1986,R4Z1,R3Z1,R3Z2,Louisville,Auburn
1986,R5WX,R4W1,R4X1,Duke,Kansas
1986,R5YZ,R4Y1,R4Z1,Louisville,LSU
1986,R6CH,R5WX,R5YZ,Duke,Louisville
1987,R1W1,W01,W16,North Carolina,Penn
1987,R1W2,W02,W15,Syracuse,Ga Southern
1987,R1W3,W03,W14,Purdue,Northeastern
1987,R1W4,W04,W13,TCU,Marshall
1987,R1W5,W05,W12,Notre Dame,MTSU
1987,R1W6,W06,W11,Florida,NC State
1987,R1W7,W07,W10,West Virginia,WKU
1987,R1W8,W08,W09,Navy,Michigan
1987,R1X1,X01,X16,Georgetown,Bucknell
1987,R1X2,X02,X15,Alabama,NC A&T
1987,R1X3,X03,X14,Illinois,Austin Peay
1987,R1X4,X04,X13,Clemson,Missouri St.
1987,R1X5,X05,X12,Kansas,Houston
1987,R1X6,X06,X11,Providence,UAB
1987,R1X7,X07,X10,New Orleans,BYU
1987,R1X8,X08,X09,Kentucky,Ohio St.
1987,R1Y1,Y01,Y16,Indiana,Fairfield
1987,R1Y2,Y02,Y15,Temple,Southern Univ
1987,R1Y3,Y03,Y14,DePaul,Louisiana Tech
1987,R1Y4,Y04,Y13,Missouri,Xavier
1987,R1Y5,Y05,Y12,Duke,Texas A&M
1987,R1Y6,Y06,Y11,St. John's,Wichita St.
1987,R1Y7,Y07,Y10,Georgia Tech,LSU
1987,R1Y8,Y08,Y09,Auburn,San Diego
1987,R1Z1,Z01,Z16,UNLV,Idaho St.
1987,R1Z2,Z02,Z15,Iowa,Santa Clara
1987,R1Z3,Z03,Z14,Pittsburgh,Marist
1987,R1Z4,Z04,Z13,UCLA,C Michigan
1987,R1Z5,Z05,Z12,Virginia,Wyoming
1987,R1Z6,Z06,Z11,Oklahoma,Tulsa
1987,R1Z7,Z07,Z10,UTEP,Arizona
1987,R1Z8,Z08,Z09,Georgia,Kansas St.
1987,R2W1,R1W1,R1W8,North Carolina,Michigan
1987,R2W2,R1W2,R1W7,Syracuse,WKU
1987,R2W3,R1W3,R1W6,Purdue,Florida
1987,R2W4,R1W4,R1W5,TCU,Notre Dame
1987,R2X1,R1X1,R1X8,Georgetown,Ohio St.
1987,R2X2,R1X2,R1X7,Alabama,New Orleans
1987,R2X3,R1X3,R1X6,Providence,Austin Peay
1987,R2X4,R1X4,R1X5,Kansas,Missouri St.
1987,R2Y1,R1Y1,R1Y8,Indiana,Auburn
1987,R2Y2,R1Y2,R1Y7,Temple,LSU
1987,R2Y3,R1Y3,R1Y6,DePaul,St. John's
1987,R2Y4,R1Y4,R1Y5,Duke,Xavier
1987,R2Z1,R1Z1,R1Z8,UNLV,Kansas St.
1987,R2Z2,R1Z2,R1Z7,Iowa,UTEP
1987,R2Z3,R1Z3,R1Z6,Pittsburgh,Oklahoma
1987,R2Z4,R1Z4,R1Z5,UCLA,Wyoming
1987,R3W1,R2W1,R2W4,North Carolina,Notre Dame
1987,R3W2,R2W2,R2W3,Syracuse,Florida
1987,R3X1,R2X1,R2X4,Georgetown,Kansas
1987,R3X2,R2X2,R2X3,Alabama,Providence
1987,R3Y1,R2Y1,R2Y4,Indiana,Duke
1987,R3Y2,R2Y2,R2Y3,DePaul,LSU
1987,R3Z1,R2Z1,R2Z4,UNLV,Wyoming
1987,R3Z2,R2Z2,R2Z3,Iowa,Oklahoma
1987,R4W1,R3W1,R3W2,North Carolina,Syracuse
1987,R4X1,R3X1,R3X2,Georgetown,Providence
1987,R4Y1,R3Y1,R3Y2,Indiana,LSU
1987,R4Z1,R3Z1,R3Z2,UNLV,Iowa
1987,R5WX,R4W1,R4X1,Syracuse,Providence
1987,R5YZ,R4Y1,R4Z1,Indiana,UNLV
1987,R6CH,R5WX,R5YZ,Indiana,Syracuse
1988,R1W1,W01,W16,Temple,Lehigh
1988,R1W2,W02,W15,Duke,Boston Univ
1988,R1W3,W03,W14,Syracuse,NC A&T
1988,R1W4,W04,W13,Indiana,Richmond
1988,R1W5,W05,W12,Georgia Tech,Iowa St.
1988,R1W6,W06,W11,Missouri,Rhode Island
1988,R1W7,W07,W10,SMU,Notre Dame
1988,R1W8,W08,W09,Georgetown,LSU
1988,R1X1,X01,X16,Purdue,F Dickinson
1988,R1X2,X02,X15,Pittsburgh,E Michigan
1988,R1X3,X03,X14,NC State,Murray St.
1988,R1X4,X04,X13,Kansas St.,La Salle
1988,R1X5,X05,X12,DePaul,Wichita St.
1988,R1X6,X06,X11,Kansas,Xavier
1988,R1X7,X07,X10,Vanderbilt,Utah St.
1988,R1X8,X08,X09,Baylor,Memphis
1988,R1Y1,Y01,Y16,Oklahoma,Chattanooga
1988,R1Y2,Y02,Y15,Kentucky,Southern Univ
1988,R1Y3,Y03,Y14,Illinois,UT San Antonio
1988,R1Y4,Y04,Y13,BYU,Charlotte
1988,R1Y5,Y05,Y12,Louisville,Oregon St.
1988,R1Y6,Y06,Y11,Villanova,Arkansas
1988,R1Y7,Y07,Y10,Maryland,UC Santa Barbara
1988,R1Y8,Y08,Y09,Auburn,Bradley
1988,R1Z1,Z01,Z16,Arizona,Cornell
1988,R1Z2,Z02,Z15,North Carolina,North Texas
1988,R1Z3,Z03,Z14,Michigan,Boise St.
1988,R1Z4,Z04,Z13,UNLV,Missouri St.
1988,R1Z5,Z05,Z12,Iowa,Florida St.
1988,R1Z6,Z06,Z11,Florida,St. John's
1988,R1Z7,Z07,Z10,Wyoming,Loy Marymount
1988,R1Z8,Z08,Z09,Seton Hall,UTEP
1988,R2W1,R1W1,R1W8,Temple,Georgetown
1988,R2W2,R1W2,R1W7,Duke,SMU
1988,R2W3,R1W3,R1W6,Syracuse,Rhode Island
1988,R2W4,R1W4,R1W5,Georgia Tech,Richmond
1988,R2X1,R1X1,R1X8,Purdue,Memphis
1988,R2X2,R1X2,R1X7,Pittsburgh,Vanderbilt
1988,R2X3,R1X3,R1X6,Kansas,Murray St.
1988,R2X4,R1X4,R1X5,Kansas St.,DePaul
1988,R2Y1,R1Y1,R1Y8,Oklahoma,Auburn
1988,R2Y2,R1Y2,R1Y7,Kentucky,Maryland
1988,R2Y3,R1Y3,R1Y6,Illinois,Villanova
1988,R2Y4,R1Y4,R1Y5,BYU,Louisville
1988,R2Z1,R1Z1,R1Z8,Arizona,Seton Hall
1988,R2Z2,R1Z2,R1Z7,North Carolina,Loy Marymount
1988,R2Z3,R1Z3,R1Z6,Michigan,Florida
1988,R2Z4,R1Z4,R1Z5,UNLV,Iowa
1988,R3W1,R2W1,R2W4,Temple,Richmond
1988,R3W2,R2W2,R2W3,Duke,Rhode Island
1988,R3X1,R2X1,R2X4,Purdue,Kansas St.
1988,R3X2,R2X2,R2X3,Kansas,Vanderbilt
1988,R3Y1,R2Y1,R2Y4,Oklahoma,Louisville
1988,R3Y2,R2Y2,R2Y3,Kentucky,Villanova
1988,R3Z1,R2Z1,R2Z4,Arizona,Iowa
1988,R3Z2,R2Z2,R2Z3,North Carolina,Michigan
1988,R4W1,R3W1,R3W2,Temple,Duke
1988,R4X1,R3X1,R3X2,Kansas St.,Kansas
1988,R4Y1,R3Y1,R3Y2,Oklahoma,Villanova
1988,R4Z1,R3Z1,R3Z2,Arizona,North Carolina
1988,R5WX,R4W1,R4X1,Duke,Kansas
1988,R5YZ,R4Y1,R4Z1,Oklahoma,Arizona
1988,R6CH,R5WX,R5YZ,Oklahoma,Kansas
1989,R1W1,W01,W16,Georgetown,Princeton
1989,R1W2,W02,W15,Duke,S Carolina St.
1989,R1W3,W03,W14,Stanford,Siena
1989,R1W4,W04,W13,Iowa,Rutgers
1989,R1W5,W05,W12,NC State,South Carolina
1989,R1W6,W06,W11,Kansas St.,Minnesota
1989,R1W7,W07,W10,West Virginia,Tennessee
1989,R1W8,W08,W09,Vanderbilt,Notre Dame
1989,R1X1,X01,X16,Arizona,Robert Morris
1989,R1X2,X02,X15,Indiana,George Mason
1989,R1X3,X03,X14,Seton Hall,Missouri St.
1989,R1X4,X04,X13,UNLV,Idaho
1989,R1X5,X05,X12,Memphis,DePaul
1989,R1X6,X06,X11,Oregon St.,Evansville
1989,R1X7,X07,X10,UTEP,LSU
1989,R1X8,X08,X09,Saint Mary's,Clemson
1989,R1Y1,Y01,Y16,Illinois,McNeese St.
1989,R1Y2,Y02,Y15,Syracuse,Bucknell
1989,R1Y3,Y03,Y14,Missouri,Creighton
1989,R1Y4,Y04,Y13,Louisville,Ark Little Rock
1989,R1Y5,Y05,Y12,Arkansas,Loy Marymount
1989,R1Y6,Y06,Y11,Georgia Tech,Texas
1989,R1Y7,Y07,Y10,Florida,Colorado St.
1989,R1Y8,Y08,Y09,Pittsburgh,Ball St.
1989,R1Z1,Z01,Z16,Oklahoma,ETSU
1989,R1Z2,Z02,Z15,North Carolina,Southern Univ
1989,R1Z3,Z03,Z14,Michigan,Xavier
1989,R1Z4,Z04,Z13,Florida St.,MTSU
1989,R1Z5,Z05,Z12,Virginia,Providence
1989,R1Z6,Z06,Z11,Alabama,South Alabama
1989,R1Z7,Z07,Z10,UCLA,Iowa St.
1989,R1Z8,Z08,Z09,La Salle,Louisiana Tech
1989,R2W1,R1W1,R1W8,Georgetown,Notre Dame
1989,R2W2,R1W2,R1W7,Duke,West Virginia
1989,R2W3,R1W3,R1W6,Minnesota,Siena
1989,R2W4,R1W4,R1W5,Iowa,NC State
1989,R2X1,R1X1,R1X8,Arizona,Clemson
1989,R2X2,R1X2,R1X7,Indiana,UTEP
1989,R2X3,R1X3,R1X6,Seton Hall,Evansville
1989,R2X4,R1X4,R1X5,UNLV,DePaul
1989,R2Y1,R1Y1,R1Y8,Illinois,Ball St.
1989,R2Y2,R1Y2,R1Y7,Syracuse,Colorado St.
1989,R2Y3,R1Y3,R1Y6,Missouri,Texas
1989,R2Y4,R1Y4,R1Y5,Louisville,Arkansas
1989,R2Z1,R1Z1,R1Z8,Oklahoma,Louisiana Tech
1989,R2Z2,R1Z2,R1Z7,North Carolina,UCLA
1989,R2Z3,R1Z3,R1Z6,Michigan,South Alabama
1989,R2Z4,R1Z4,R1Z5,Virginia,MTSU
1989,R3W1,R2W1,R2W4,Georgetown,NC State
1989,R3W2,R2W2,R2W3,Duke,Minnesota
1989,R3X1,R2X1,R2X4,Arizona,UNLV
1989,R3X2,R2X2,R2X3,Indiana,Seton Hall
1989,R3Y1,R2Y1,R2Y4,Illinois,Louisville
1989,R3Y2,R2Y2,R2Y3,Syracuse,Missouri
1989,R3Z1,R2Z1,R2Z4,Oklahoma,Virginia
1989,R3Z2,R2Z2,R2Z3,North Carolina,Michigan
1989,R4W1,R3W1,R3W2,Georgetown,Duke
1989,R4X1,R3X1,R3X2,Seton Hall,UNLV
1989,R4Y1,R3Y1,R3Y2,Illinois,Syracuse
1989,R4Z1,R3Z1,R3Z2,Michigan,Virginia
1989,R5WX,R4W1,R4X1,Duke,Seton Hall
1989,R5YZ,R4Y1,R4Z1,Illinois,Michigan
1989,R6CH,R5WX,R5YZ,Seton Hall,Michigan
1990,R1W1,W01,W16,Connecticut,Boston Univ
1990,R1W2,W02,W15,Kansas,Robert Morris
1990,R1W3,W03,W14,Duke,Richmond
1990,R1W4,W04,W13,La Salle,Southern Miss
1990,R1W5,W05,W12,Clemson,BYU
1990,R1W6,W06,W11,St. John's,Temple
1990,R1W7,W07,W10,UCLA,UAB
1990,R1W8,W08,W09,Indiana,California
1990,R1X1,X01,X16,Oklahoma,Towson
1990,R1X2,X02,X15,Purdue,ULM
1990,R1X3,X03,X14,Georgetown,TX Southern
1990,R1X4,X04,X13,Arkansas,Princeton
1990,R1X5,X05,X12,Illinois,Dayton
1990,R1X6,X06,X11,Xavier,Kansas St.
1990,R1X7,X07,X10,Georgia,Texas
1990,R1X8,X08,X09,North Carolina,Missouri St.
1990,R1Y1,Y01,Y16,Michigan St.,Murray St.
1990,R1Y2,Y02,Y15,Syracuse,Coppin St.
1990,R1Y3,Y03,Y14,Missouri,Northern Iowa
1990,R1Y4,Y04,Y13,Georgia Tech,ETSU
1990,R1Y5,Y05,Y12,LSU,Villanova
1990,R1Y6,Y06,Y11,Minnesota,UTEP
1990,R1Y7,Y07,Y10,Virginia,Notre Dame
1990,R1Y8,Y08,Y09,Houston,UC Santa Barbara
1990,R1Z1,Z01,Z16,UNLV,Ark Little Rock
1990,R1Z2,Z02,Z15,Arizona,South Florida
1990,R1Z3,Z03,Z14,Michigan,Illinois St.
1990,R1Z4,Z04,Z13,Louisville,Idaho
1990,R1Z5,Z05,Z12,Oregon St.,Ball St.
1990,R1Z6,Z06,Z11,New Mexico St.,Loy Marymount
1990,R1Z7,Z07,Z10,Alabama,Colorado St.
1990,R1Z8,Z08,Z09,Ohio St.,Providence
1990,R2W1,R1W1,R1W8,Connecticut,California
1990,R2W2,R1W2,R1W7,Kansas,UCLA
1990,R2W3,R1W3,R1W6,Duke,St. John's
1990,R2W4,R1W4,R1W5,La Salle,Clemson
1990,R2X1,R1X1,R1X8,Oklahoma,North Carolina
1990,R2X2,R1X2,R1X7,Purdue,Texas
1990,R2X3,R1X3,R1X6,Georgetown,Xavier
1990,R2X4,R1X4,R1X5,Arkansas,Dayton
1990,R2Y1,R1Y1,R1Y8,Michigan St.,UC Santa Barbara
1990,R2Y2,R1Y2,R1Y7,Syracuse,Virginia
1990,R2Y3,R1Y3,R1Y6,Minnesota,Northern Iowa
1990,R2Y4,R1Y4,R1Y5,Georgia Tech,LSU
1990,R2Z1,R1Z1,R1Z8,UNLV,Ohio St.
1990,R2Z2,R1Z2,R1Z7,Arizona,Alabama
1990,R2Z3,R1Z3,R1Z6,Michigan,Loy Marymount
1990,R2Z4,R1Z4,R1Z5,Louisville,Ball St.
1990,R3W1,R2W1,R2W4,Connecticut,Clemson
1990,R3W2,R2W2,R2W3,Duke,UCLA
1990,R3X1,R2X1,R2X4,Arkansas,North Carolina
1990,R3X2,R2X2,R2X3,Xavier,Texas
1990,R3Y1,R2Y1,R2Y4,Michigan St.,Georgia Tech
1990,R3Y2,R2Y2,R2Y3,Syracuse,Minnesota
1990,R3Z1,R2Z1,R2Z4,UNLV,Ball St.
1990,R3Z2,R2Z2,R2Z3,Alabama,Loy Marymount
1990,R4W1,R3W1,R3W2,Connecticut,Duke
1990,R4X1,R3X1,R3X2,Arkansas,Texas
1990,R4Y1,R3Y1,R3Y2,Georgia Tech,Minnesota
1990,R4Z1,R3Z1,R3Z2,UNLV,Loy Marymount
1990,R5WX,R4W1,R4X1,Duke,Arkansas
1990,R5YZ,R4Y1,R4Z1,UNLV,Georgia Tech
1990,R6CH,R5WX,R5YZ,UNLV,Duke
1991,R1W1,W01,W16,North Carolina,Northeastern
1991,R1W2,W02,W15,Syracuse,Richmond
1991,R1W3,W03,W14,Oklahoma St.,New Mexico
1991,R1W4,W04,W13,UCLA,Penn St.
1991,R1W5,W05,W12,Mississippi St.,E Michigan
1991,R1W6,W06,W11,NC State,Southern Miss
1991,R1W7,W07,W10,Purdue,Temple
1991,R1W8,W08,W09,Princeton,Villanova
1991,R1X1,X01,X16,Arkansas,Georgia St.
1991,R1X2,X02,X15,Indiana,Coastal Car
1991,R1X3,X03,X14,Kansas,New Orleans
1991,R1X4,X04,X13,Alabama,Murray St.
1991,R1X5,X05,X12,Wake Forest,Louisiana Tech
1991,R1X6,X06,X11,Pittsburgh,Georgia
1991,R1X7,X07,X10,Florida St.,USC
1991,R1X8,X08,X09,Arizona St.,Rutgers
1991,R1Y1,Y01,Y16,Ohio St.,Towson
1991,R1Y2,Y02,Y15,Duke,ULM
1991,R1Y3,Y03,Y14,Nebraska,Xavier
1991,R1Y4,Y04,Y13,St. John's,N Illinois
1991,R1Y5,Y05,Y12,Texas,Saint Peter's
1991,R1Y6,Y06,Y11,LSU,Connecticut
1991,R1Y7,Y07,Y10,Iowa,ETSU
1991,R1Y8,Y08,Y09,Georgia Tech,DePaul
1991,R1Z1,Z01,Z16,UNLV,Montana
1991,R1Z2,Z02,Z15,Arizona,Saint Francis PA
1991,R1Z3,Z03,Z14,Seton Hall,Pepperdine
1991,R1Z4,Z04,Z13,Utah,South Alabama
1991,R1Z5,Z05,Z12,Michigan St.,WI Green Bay
1991,R1Z6,Z06,Z11,New Mexico St.,Creighton
1991,R1Z7,Z07,Z10,Virginia,BYU
1991,R1Z8,Z08,Z09,Georgetown,Vanderbilt
1991,R2W1,R1W1,R1W8,North Carolina,Villanova
1991,R2W2,R1W2,R1W7,Temple,Richmond
1991,R2W3,R1W3,R1W6,Oklahoma St.,NC State
1991,R2W4,R1W4,R1W5,E Michigan,Penn St.
1991,R2X1,R1X1,R1X8,Arkansas,Arizona St.
1991,R2X2,R1X2,R1X7,Indiana,Florida St.
1991,R2X3,R1X3,R1X6,Kansas,Pittsburgh
1991,R2X4,R1X4,R1X5,Alabama,Wake Forest
1991,R2Y1,R1Y1,R1Y8,Ohio St.,Georgia Tech
1991,R2Y2,R1Y2,R1Y7,Duke,Iowa
1991,R2Y3,R1Y3,R1Y6,Connecticut,Xavier
1991,R2Y4,R1Y4,R1Y5,St. John's,Texas
1991,R2Z1,R1Z1,R1Z8,UNLV,Georgetown
1991,R2Z2,R1Z2,R1Z7,Arizona,BYU
1991,R2Z3,R1Z3,R1Z6,Seton Hall,Creighton
1991,R2Z4,R1Z4,R1Z5,Utah,Michigan St.
1991,R3W1,R2W1,R2W4,North Carolina,E Michigan
1991,R3W2,R2W2,R2W3,Oklahoma St.,Temple
1991,R3X1,R2X1,R2X4,Arkansas,Alabama
1991,R3X2,R2X2,R2X3,Indiana,Kansas
1991,R3Y1,R2Y1,R2Y4,Ohio St.,St. John's
1991,R3Y2,R2Y2,R2Y3,Duke,Connecticut
1991,R3Z1,R2Z1,R2Z4,UNLV,Utah
1991,R3Z2,R2Z2,R2Z3,Arizona,Seton Hall
1991,R4W1,R3W1,R3W2,North Carolina,Temple
1991,R4X1,R3X1,R3X2,Arkansas,Kansas
1991,R4Y1,R3Y1,R3Y2,Duke,St. John's
1991,R4Z1,R3Z1,R3Z2,UNLV,Seton Hall
1991,R5WX,R4W1,R4X1,North Carolina,Kansas
1991,R5YZ,R4Y1,R4Z1,UNLV,Duke
1991,R6CH,R5WX,R5YZ,Duke,Kansas
1992,R1W1,W01,W16,Duke,Campbell
1992,R1W2,W02,W15,Kentucky,Old Dominion
1992,R1W3,W03,W14,Massachusetts,Fordham
1992,R1W4,W04,W13,Seton Hall,La Salle
1992,R1W5,W05,W12,Missouri,West Virginia
1992,R1W6,W06,W11,Syracuse,Princeton
1992,R1W7,W07,W10,Charlotte,Iowa St.
1992,R1W8,W08,W09,Texas,Iowa
1992,R1X1,X01,X16,UCLA,Robert Morris
1992,R1X2,X02,X15,Indiana,E Illinois
1992,R1X3,X03,X14,Florida St.,Montana
1992,R1X4,X04,X13,Oklahoma,Louisiana
1992,R1X5,X05,X12,DePaul,New Mexico St.
1992,R1X6,X06,X11,Georgetown,South Florida
1992,R1X7,X07,X10,LSU,BYU
1992,R1X8,X08,X09,Louisville,Wake Forest
1992,R1Y1,Y01,Y16,Kansas,Howard
1992,R1Y2,Y02,Y15,USC,ULM
1992,R1Y3,Y03,Y14,Arkansas,Murray St.
1992,R1Y4,Y04,Y13,Cincinnati,Delaware
1992,R1Y5,Y05,Y12,Michigan St.,Missouri St.
1992,R1Y6,Y06,Y11,Memphis,Pepperdine
1992,R1Y7,Y07,Y10,Georgia Tech,Houston
1992,R1Y8,Y08,Y09,Evansville,UTEP
1992,R1Z1,Z01,Z16,Ohio St.,MS Valley St.
1992,R1Z2,Z02,Z15,Oklahoma St.,Ga Southern
1992,R1Z3,Z03,Z14,Arizona,ETSU
1992,R1Z4,Z04,Z13,North Carolina,Miami OH
1992,R1Z5,Z05,Z12,Alabama,Stanford
1992,R1Z6,Z06,Z11,Michigan,Temple
1992,R1Z7,Z07,Z10,St. John's,Tulane
1992,R1Z8,Z08,Z09,Nebraska,Connecticut
1992,R2W1,R1W1,R1W8,Duke,Iowa
1992,R2W2,R1W2,R1W7,Kentucky,Iowa St.
1992,R2W3,R1W3,R1W6,Massachusetts,Syracuse
1992,R2W4,R1W4,R1W5,Seton Hall,Missouri
1992,R2X1,R1X1,R1X8,UCLA,Louisville
1992,R2X2,R1X2,R1X7,Indiana,LSU
1992,R2X3,R1X3,R1X6,Florida St.,Georgetown
1992,R2X4,R1X4,R1X5,New Mexico St.,Louisiana
1992,R2Y1,R1Y1,R1Y8,Kansas,UTEP
1992,R2Y2,R1Y2,R1Y7,USC,Georgia Tech
1992,R2Y3,R1Y3,R1Y6,Arkansas,Memphis
1992,R2Y4,R1Y4,R1Y5,Cincinnati,Michigan St.
1992,R2Z1,R1Z1,R1Z8,Ohio St.,Connecticut
1992,R2Z2,R1Z2,R1Z7,Oklahoma St.,Tulane
1992,R2Z3,R1Z3,R1Z6,Michigan,ETSU
1992,R2Z4,R1Z4,R1Z5,North Carolina,Alabama
1992,R3W1,R2W1,R2W4,Duke,Seton Hall
1992,R3W2,R2W2,R2W3,Kentucky,Massachusetts
1992,R3X1,R2X1,R2X4,UCLA,New Mexico St.
1992,R3X2,R2X2,R2X3,Indiana,Florida St.
1992,R3Y1,R2Y1,R2Y4,Cincinnati,UTEP
1992,R3Y2,R2Y2,R2Y3,Memphis,Georgia Tech
1992,R3Z1,R2Z1,R2Z4,Ohio St.,North Carolina
1992,R3Z2,R2Z2,R2Z3,Oklahoma St.,Michigan
1992,R4W1,R3W1,R3W2,Duke,Kentucky
1992,R4X1,R3X1,R3X2,UCLA,Indiana
1992,R4Y1,R3Y1,R3Y2,Cincinnati,Memphis
1992,R4Z1,R3Z1,R3Z2,Ohio St.,Michigan
1992,R5WX,R4W1,R4X1,Duke,Indiana
1992,R5YZ,R4Y1,R4Z1,Cincinnati,Michigan
1992,R6CH,R5WX,R5YZ,Duke,Michigan
1993,R1W1,W01,W16,North Carolina,East Carolina
1993,R1W2,W02,W15,Cincinnati,Coppin St.
1993,R1W3,W03,W14,Massachusetts,Penn
1993,R1W4,W04,W13,Arkansas,Holy Cross
1993,R1W5,W05,W12,St. John's,Texas Tech
1993,R1W6,W06,W11,Virginia,Manhattan
1993,R1W7,W07,W10,New Mexico St.,Nebraska
1993,R1W8,W08,W09,Rhode Island,Purdue
1993,R1X1,X01,X16,Indiana,Wright St.
1993,R1X2,X02,X15,Kansas,Ball St.
1993,R1X3,X03,X14,Duke,S Illinois
1993,R1X4,X04,X13,Louisville,Delaware
1993,R1X5,X05,X12,Oklahoma St.,Marquette
1993,R1X6,X06,X11,California,LSU
1993,R1X7,X07,X10,BYU,SMU
1993,R1X8,X08,X09,New Orleans,Xavier
1993,R1Y1,Y01,Y16,Kentucky,Rider
1993,R1Y2,Y02,Y15,Seton Hall,Tennessee St.
1993,R1Y3,Y03,Y14,Florida St.,Evansville
1993,R1Y4,Y04,Y13,Iowa,ULM
1993,R1Y5,Y05,Y12,Wake Forest,Chattanooga
1993,R1Y6,Y06,Y11,Kansas St.,Tulane
1993,R1Y7,Y07,Y10,WKU,Memphis
1993,R1Y8,Y08,Y09,Utah,Pittsburgh
1993,R1Z1,Z01,Z16,Michigan,Coastal Car
1993,R1Z2,Z02,Z15,Arizona,Santa Clara
1993,R1Z3,Z03,Z14,Vanderbilt,Boise St.
1993,R1Z4,Z04,Z13,Georgia Tech,Southern Univ
1993,R1Z5,Z05,Z12,New Mexico,G Washington
1993,R1Z6,Z06,Z11,Illinois,Long Beach St.
1993,R1Z7,Z07,Z10,Temple,Missouri
1993,R1Z8,Z08,Z09,Iowa St.,UCLA
1993,R2W1,R1W1,R1W8,North Carolina,Rhode Island
1993,R2W2,R1W2,R1W7,Cincinnati,New Mexico St.
1993,R2W3,R1W3,R1W6,Massachusetts,Virginia
1993,R2W4,R1W4,R1W5,Arkansas,St. John's
1993,R2X1,R1X1,R1X8,Indiana,Xavier
1993,R2X2,R1X2,R1X7,Kansas,BYU
1993,R2X3,R1X3,R1X6,Duke,California
1993,R2X4,R1X4,R1X5,Louisville,Oklahoma St.
1993,R2Y1,R1Y1,R1Y8,Kentucky,Utah
1993,R2Y2,R1Y2,R1Y7,Seton Hall,WKU
1993,R2Y3,R1Y3,R1Y6,Florida St.,Tulane
1993,R2Y4,R1Y4,R1Y5,Iowa,Wake Forest
1993,R2Z1,R1Z1,R1Z8,Michigan,UCLA
1993,R2Z2,R1Z2,R1Z7,Temple,Santa Clara
1993,R2Z3,R1Z3,R1Z6,Vanderbilt,Illinois
1993,R2Z4,R1Z4,R1Z5,G Washington,Southern Univ
1993,R3W1,R2W1,R2W4,North Carolina,Arkansas
1993,R3W2,R2W2,R2W3,Cincinnati,Virginia
1993,R3X1,R2X1,R2X4,Indiana,Louisville
1993,R3X2,R2X2,R2X3,Kansas,California
1993,R3Y1,R2Y1,R2Y4,Kentucky,Wake Forest
1993,R3Y2,R2Y2,R2Y3,Florida St.,WKU
1993,R3Z1,R2Z1,R2Z4,Michigan,G Washington
1993,R3Z2,R2Z2,R2Z3,Vanderbilt,Temple
1993,R4W1,R3W1,R3W2,North Carolina,Cincinnati
1993,R4X1,R3X1,R3X2,Indiana,Kansas
1993,R4Y1,R3Y1,R3Y2,Kentucky,Florida St.
1993,R4Z1,R3Z1,R3Z2,Michigan,Temple
1993,R5WX,R4W1,R4X1,North Carolina,Kansas
1993,R5YZ,R4Y1,R4Z1,Kentucky,Michigan
1993,R6CH,R5WX,R5YZ,North Carolina,Michigan
1994,R1W1,W01,W16,North Carolina,Liberty
1994,R1W2,W02,W15,Connecticut,Rider
1994,R1W3,W03,W14,Florida,James Madison
1994,R1W4,W04,W13,Temple,Drexel
1994,R1W5,W05,W12,Indiana,Ohio
1994,R1W6,W06,W11,Nebraska,Penn
1994,R1W7,W07,W10,UAB,G Washington
1994,R1W8,W08,W09,Washington St.,Boston College
1994,R1X1,X01,X16,Purdue,UCF
1994,R1X2,X02,X15,Duke,TX Southern
1994,R1X3,X03,X14,Kentucky,Tennessee St.
1994,R1X4,X04,X13,Kansas,Chattanooga
1994,R1X5,X05,X12,Wake Forest,Col Charleston
1994,R1X6,X06,X11,Marquette,Louisiana
1994,R1X7,X07,X10,Michigan St.,Seton Hall
1994,R1X8,X08,X09,Providence,Alabama
1994,R1Y1,Y01,Y16,Arkansas,NC A&T
1994,R1Y2,Y02,Y15,Massachusetts,Texas St.
1994,R1Y3,Y03,Y14,Michigan,Pepperdine
1994,R1Y4,Y04,Y13,Oklahoma St.,New Mexico St.
1994,R1Y5,Y05,Y12,UCLA,Tulsa
1994,R1Y6,Y06,Y11,Texas,WKU
1994,R1Y7,Y07,Y10,Saint Louis,Maryland
1994,R1Y8,Y08,Y09,Illinois,Georgetown
1994,R1Z1,Z01,Z16,Missouri,Navy
1994,R1Z2,Z02,Z15,Arizona,Loyola MD
1994,R1Z3,Z03,Z14,Louisville,Boise St.
1994,R1Z4,Z04,Z13,Syracuse,Hawaii
1994,R1Z5,Z05,Z12,California,WI Green Bay
1994,R1Z6,Z06,Z11,Minnesota,S Illinois
1994,R1Z7,Z07,Z10,Virginia,New Mexico
1994,R1Z8,Z08,Z09,Cincinnati,Wisconsin
1994,R2W1,R1W1,R1W8,North Carolina,Boston College
1994,R2W2,R1W2,R1W7,Connecticut,G Washington
1994,R2W3,R1W3,R1W6,Florida,Penn
1994,R2W4,R1W4,R1W5,Temple,Indiana
1994,R2X1,R1X1,R1X8,Purdue,Alabama
1994,R2X2,R1X2,R1X7,Duke,Michigan St.
1994,R2X3,R1X3,R1X6,Kentucky,Marquette
1994,R2X4,R1X4,R1X5,Kansas,Wake Forest
1994,R2Y1,R1Y1,R1Y8,Arkansas,Georgetown
1994,R2Y2,R1Y2,R1Y7,Massachusetts,Maryland
1994,R2Y3,R1Y3,R1Y6,Michigan,Texas
1994,R2Y4,R1Y4,R1Y5,Oklahoma St.,Tulsa
1994,R2Z1,R1Z1,R1Z8,Missouri,Wisconsin
1994,R2Z2,R1Z2,R1Z7,Arizona,Virginia
1994,R2Z3,R1Z3,R1Z6,Louisville,Minnesota
1994,R2Z4,R1Z4,R1Z5,Syracuse,WI Green Bay
1994,R3W1,R2W1,R2W4,Indiana,Boston College
1994,R3W2,R2W2,R2W3,Connecticut,Florida
1994,R3X1,R2X1,R2X4,Purdue,Kansas
1994,R3X2,R2X2,R2X3,Duke,Marquette
1994,R3Y1,R2Y1,R2Y4,Arkansas,Tulsa
1994,R3Y2,R2Y2,R2Y3,Michigan,Maryland
1994,R3Z1,R2Z1,R2Z4,Missouri,Syracuse
1994,R3Z2,R2Z2,R2Z3,Arizona,Louisville
1994,R4W1,R3W1,R3W2,Florida,Boston College
1994,R4X1,R3X1,R3X2,Purdue,Duke
1994,R4Y1,R3Y1,R3Y2,Arkansas,Michigan
1994,R4Z1,R3Z1,R3Z2,Missouri,Arizona
1994,R5WX,R4W1,R4X1,Duke,Florida
1994,R5YZ,R4Y1,R4Z1,Arkansas,Arizona
1994,R6CH,R5WX,R5YZ,Arkansas,Duke
1995,R1W1,W01,W16,Wake Forest,NC A&T
1995,R1W2,W02,W15,Massachusetts,Saint Peter's
1995,R1W3,W03,W14,Villanova,Old Dominion
1995,R1W4,W04,W13,Oklahoma St.,Drexel
1995,R1W5,W05,W12,Alabama,Penn
1995,R1W6,W06,W11,Tulsa,Illinois
1995,R1W7,W07,W10,Charlotte,Stanford
1995,R1W8,W08,W09,Minnesota,Saint Louis
1995,R1X1,X01,X16,UCLA,Florida Intl
1995,R1X2,X02,X15,Connecticut,Chattanooga
1995,R1X3,X03,X14,Maryland,Gonzaga
1995,R1X4,X04,X13,Utah,Long Beach St.
1995,R1X5,X05,X12,Mississippi St.,Santa Clara
1995,R1X6,X06,X11,Oregon,Texas
1995,R1X7,X07,X10,Cincinnati,Temple
1995,R1X8,X08,X09,Missouri,Indiana
1995,R1Y1,Y01,Y16,Kansas,Colgate
1995,R1Y2,Y02,Y15,Arkansas,TX Southern
1995,R1Y3,Y03,Y14,Purdue,WI Green Bay
1995,R1Y4,Y04,Y13,Virginia,Nicholls St.
1995,R1Y5,Y05,Y12,Arizona,Miami OH
1995,R1Y6,Y06,Y11,Memphis,Louisville
1995,R1Y7,Y07,Y10,Syracuse,S Illinois
1995,R1Y8,Y08,Y09,WKU,Michigan
1995,R1Z1,Z01,Z16,Kentucky,Mt St. Mary's
1995,R1Z2,Z02,Z15,North Carolina,Murray St.
1995,R1Z3,Z03,Z14,Michigan St.,Weber St.
1995,R1Z4,Z04,Z13,Oklahoma,Manhattan
1995,R1Z5,Z05,Z12,Arizona St.,Ball St.
1995,R1Z6,Z06,Z11,Georgetown,Xavier
1995,R1Z7,Z07,Z10,Iowa St.,Florida
1995,R1Z8,Z08,Z09,BYU,Tulane
1995,R2W1,R1W1,R1W8,Wake Forest,Saint Louis
1995,R2W2,R1W2,R1W7,Massachusetts,Stanford
1995,R2W3,R1W3,R1W6,Tulsa,Old Dominion
1995,R2W4,R1W4,R1W5,Oklahoma St.,Alabama
1995,R2X1,R1X1,R1X8,UCLA,Missouri
1995,R2X2,R1X2,R1X7,Connecticut,Cincinnati
1995,R2X3,R1X3,R1X6,Maryland,Texas
1995,R2X4,R1X4,R1X5,Utah,Mississippi St.
1995,R2Y1,R1Y1,R1Y8,Kansas,WKU
1995,R2Y2,R1Y2,R1Y7,Arkansas,Syracuse
1995,R2Y3,R1Y3,R1Y6,Purdue,Memphis
1995,R2Y4,R1Y4,R1Y5,Virginia,Miami OH
1995,R2Z1,R1Z1,R1Z8,Kentucky,Tulane
1995,R2Z2,R1Z2,R1Z7,North Carolina,Iowa St.
1995,R2Z3,R1Z3,R1Z6,Georgetown,Weber St.
1995,R2Z4,R1Z4,R1Z5,Arizona St.,Manhattan
1995,R3W1,R2W1,R2W4,Wake Forest,Oklahoma St.
1995,R3W2,R2W2,R2W3,Massachusetts,Tulsa
1995,R3X1,R2X1,R2X4,UCLA,Mississippi St.
1995,R3X2,R2X2,R2X3,Connecticut,Maryland
1995,R3Y1,R2Y1,R2Y4,Kansas,Virginia
1995,R3Y2,R2Y2,R2Y3,Arkansas,Memphis
1995,R3Z1,R2Z1,R2Z4,Kentucky,Arizona St.
1995,R3Z2,R2Z2,R2Z3,North Carolina,Georgetown
1995,R4W1,R3W1,R3W2,Massachusetts,Oklahoma St.
1995,R4X1,R3X1,R3X2,UCLA,Connecticut
1995,R4Y1,R3Y1,R3Y2,Arkansas,Virginia
1995,R4Z1,R3Z1,R3Z2,Kentucky,North Carolina
1995,R5WX,R4W1,R4X1,UCLA,Oklahoma St.
1995,R5YZ,R4Y1,R4Z1,Arkansas,North Carolina
1995,R6CH,R5WX,R5YZ,UCLA,Arkansas
1996,R1W1,W01,W16,Massachusetts,UCF
1996,R1W2,W02,W15,Georgetown,MS Valley St.
1996,R1W3,W03,W14,Texas Tech,N Illinois
1996,R1W4,W04,W13,Marquette,Monmouth NJ
1996,R1W5,W05,W12,Penn St.,Arkansas
1996,R1W6,W06,W11,North Carolina,New Orleans
1996,R1W7,W07,W10,New Mexico,Kansas St.
1996,R1W8,W08,W09,Bradley,Stanford
1996,R1X1,X01,X16,Kentucky,San Jose St.
1996,R1X2,X02,X15,Wake Forest,ULM
1996,R1X3,X03,X14,Villanova,Portland
1996,R1X4,X04,X13,Utah,Canisius
1996,R1X5,X05,X12,Iowa St.,California
1996,R1X6,X06,X11,Louisville,Tulsa
1996,R1X7,X07,X10,Michigan,Texas
1996,R1X8,X08,X09,WI Green Bay,Virginia Tech
1996,R1Y1,Y01,Y16,Connecticut,Colgate
1996,R1Y2,Y02,Y15,Cincinnati,UNC Greensboro
1996,R1Y3,Y03,Y14,Georgia Tech,Austin Peay
1996,R1Y4,Y04,Y13,UCLA,Princeton
1996,R1Y5,Y05,Y12,Mississippi St.,VCU
1996,R1Y6,Y06,Y11,Indiana,Boston College
1996,R1Y7,Y07,Y10,Temple,Oklahoma
1996,R1Y8,Y08,Y09,Duke,E Michigan
1996,R1Z1,Z01,Z16,Purdue,W Carolina
1996,R1Z2,Z02,Z15,Kansas,S Carolina St.
1996,R1Z3,Z03,Z14,Arizona,Valparaiso
1996,R1Z4,Z04,Z13,Syracuse,Montana St.
1996,R1Z5,Z05,Z12,Memphis,Drexel
1996,R1Z6,Z06,Z11,Iowa,G Washington
1996,R1Z7,Z07,Z10,Maryland,Santa Clara
1996,R1Z8,Z08,Z09,Georgia,Clemson
1996,R2W1,R1W1,R1W8,Massachusetts,Stanford
1996,R2W2,R1W2,R1W7,Georgetown,New Mexico
1996,R2W3,R1W3,R1W6,Texas Tech,North Carolina
1996,R2W4,R1W4,R1W5,Marquette,Arkansas
1996,R2X1,R1X1,R1X8,Kentucky,Virginia Tech
1996,R2X2,R1X2,R1X7,Wake Forest,Texas
1996,R2X3,R1X3,R1X6,Villanova,Louisville
1996,R2X4,R1X4,R1X5,Utah,Iowa St.
1996,R2Y1,R1Y1,R1Y8,Connecticut,E Michigan
1996,R2Y2,R1Y2,R1Y7,Cincinnati,Temple
1996,R2Y3,R1Y3,R1Y6,Georgia Tech,Boston College
1996,R2Y4,R1Y4,R1Y5,Mississippi St.,Princeton
1996,R2Z1,R1Z1,R1Z8,Purdue,Georgia
1996,R2Z2,R1Z2,R1Z7,Kansas,Santa Clara
1996,R2Z3,R1Z3,R1Z6,Arizona,Iowa
1996,R2Z4,R1Z4,R1Z5,Syracuse,Drexel
1996,R3W1,R2W1,R2W4,Massachusetts,Arkansas
1996,R3W2,R2W2,R2W3,Georgetown,Texas Tech
1996,R3X1,R2X1,R2X4,Kentucky,Utah
1996,R3X2,R2X2,R2X3,Wake Forest,Louisville
1996,R3Y1,R2Y1,R2Y4,Connecticut,Mississippi St.
1996,R3Y2,R2Y2,R2Y3,Cincinnati,Georgia Tech
1996,R3Z1,R2Z1,R2Z4,Syracuse,Georgia
1996,R3Z2,R2Z2,R2Z3,Kansas,Arizona
1996,R4W1,R3W1,R3W2,Massachusetts,Georgetown
1996,R4X1,R3X1,R3X2,Kentucky,Wake Forest
1996,R4Y1,R3Y1,R3Y2,Cincinnati,Mississippi St.
1996,R4Z1,R3Z1,R3Z2,Kansas,Syracuse
1996,R5WX,R4W1,R4X1,Massachusetts,Kentucky
1996,R5YZ,R4Y1,R4Z1,Syracuse,Mississippi St.
1996,R6CH,R5WX,R5YZ,Kentucky,Syracuse
1997,R1W1,W01,W16,North Carolina,Fairfield
1997,R1W2,W02,W15,South Carolina,Coppin St.
1997,R1W3,W03,W14,New Mexico,Old Dominion
1997,R1W4,W04,W13,Villanova,LIU Brooklyn
1997,R1W5,W05,W12,California,Princeton
1997,R1W6,W06,W11,Louisville,Massachusetts
1997,R1W7,W07,W10,Wisconsin,Texas
1997,R1W8,W08,W09,Indiana,Colorado
1997,R1X1,X01,X16,Kansas,Jackson St.
1997,R1X2,X02,X15,Duke,Murray St.
1997,R1X3,X03,X14,Georgia,Chattanooga
1997,R1X4,X04,X13,Arizona,South Alabama
1997,R1X5,X05,X12,Maryland,Col Charleston
1997,R1X6,X06,X11,Illinois,USC
1997,R1X7,X07,X10,Marquette,Providence
1997,R1X8,X08,X09,Purdue,Rhode Island
1997,R1Y1,Y01,Y16,Minnesota,Texas St.
1997,R1Y2,Y02,Y15,UCLA,Charleston So
1997,R1Y3,Y03,Y14,Cincinnati,Butler
1997,R1Y4,Y04,Y13,Clemson,Miami OH
1997,R1Y5,Y05,Y12,Tulsa,Boston Univ
1997,R1Y6,Y06,Y11,Iowa St.,Illinois St.
1997,R1Y7,Y07,Y10,Xavier,Vanderbilt
1997,R1Y8,Y08,Y09,Mississippi,Temple
1997,R1Z1,Z01,Z16,Kentucky,Montana
1997,R1Z2,Z02,Z15,Utah,Navy
1997,R1Z3,Z03,Z14,Wake Forest,Saint Mary's
1997,R1Z4,Z04,Z13,Saint Joseph's,Pacific
1997,R1Z5,Z05,Z12,Boston College,Valparaiso
1997,R1Z6,Z06,Z11,Stanford,Oklahoma
1997,R1Z7,Z07,Z10,Charlotte,Georgetown
1997,R1Z8,Z08,Z09,Iowa,Virginia
1997,R2W1,R1W1,R1W8,North Carolina,Colorado
1997,R2W2,R1W2,R1W7,Texas,Coppin St.
1997,R2W3,R1W3,R1W6,New Mexico,Louisville
1997,R2W4,R1W4,R1W5,Villanova,California
1997,R2X1,R1X1,R1X8,Kansas,Purdue
1997,R2X2,R1X2,R1X7,Duke,Providence
1997,R2X3,R1X3,R1X6,Illinois,Chattanooga
1997,R2X4,R1X4,R1X5,Arizona,Col Charleston
1997,R2Y1,R1Y1,R1Y8,Minnesota,Temple
1997,R2Y2,R1Y2,R1Y7,UCLA,Xavier
1997,R2Y3,R1Y3,R1Y6,Cincinnati,Iowa St.
1997,R2Y4,R1Y4,R1Y5,Clemson,Tulsa
1997,R2Z1,R1Z1,R1Z8,Kentucky,Iowa
1997,R2Z2,R1Z2,R1Z7,Utah,Charlotte
1997,R2Z3,R1Z3,R1Z6,Wake Forest,Stanford
1997,R2Z4,R1Z4,R1Z5,Saint Joseph's,Boston College
1997,R3W1,R2W1,R2W4,North Carolina,California
1997,R3W2,R2W2,R2W3,Louisville,Texas
1997,R3X1,R2X1,R2X4,Kansas,Arizona
1997,R3X2,R2X2,R2X3,Providence,Chattanooga
1997,R3Y1,R2Y1,R2Y4,Minnesota,Clemson
1997,R3Y2,R2Y2,R2Y3,UCLA,Iowa St.
1997,R3Z1,R2Z1,R2Z4,Kentucky,Saint Joseph's
1997,R3Z2,R2Z2,R2Z3,Utah,Stanford
1997,R4W1,R3W1,R3W2,North Carolina,Louisville
1997,R4X1,R3X1,R3X2,Arizona,Providence
1997,R4Y1,R3Y1,R3Y2,Minnesota,UCLA
1997,R4Z1,R3Z1,R3Z2,Kentucky,Utah
1997,R5WX,R4W1,R4X1,North Carolina,Arizona
1997,R5YZ,R4Y1,R4Z1,Minnesota,Kentucky
1997,R6CH,R5WX,R5YZ,Kentucky,Arizona
1998,R1W1,W01,W16,North Carolina,Navy
1998,R1W2,W02,W15,Connecticut,F Dickinson
1998,R1W3,W03,W14,South Carolina,Richmond
1998,R1W4,W04,W13,Michigan St.,E Michigan
1998,R1W5,W05,W12,Princeton,UNLV
1998,R1W6,W06,W11,Xavier,Washington
1998,R1W7,W07,W10,Indiana,Oklahoma
1998,R1W8,W08,W09,Charlotte,IL Chicago
1998,R1X1,X01,X16,Arizona,Nicholls St.
1998,R1X2,X02,X15,Cincinnati,Northern Arizona
1998,R1X3,X03,X14,Utah,San Francisco
1998,R1X4,X04,X13,Maryland,Utah St.
1998,R1X5,X05,X12,Illinois,South Alabama
1998,R1X6,X06,X11,Arkansas,Nebraska
1998,R1X7,X07,X10,Temple,West Virginia
1998,R1X8,X08,X09,Tennessee,Illinois St.
1998,R1Y1,Y01,Y16,Kansas,Prairie View
1998,R1Y2,Y02,Y15,Purdue,Delaware
1998,R1Y3,Y03,Y14,Stanford,Col Charleston
1998,R1Y4,Y04,Y13,Mississippi,Valparaiso
1998,R1Y5,Y05,Y12,TCU,Florida St.
1998,R1Y6,Y06,Y11,Clemson,W Michigan
1998,R1Y7,Y07,Y10,St. John's,Detroit
1998,R1Y8,Y08,Y09,Rhode Island,Murray St.
1998,R1Z1,Z01,Z16,Duke,Radford
1998,R1Z2,Z02,Z15,Kentucky,S Carolina St.
1998,R1Z3,Z03,Z14,Michigan,Davidson
1998,R1Z4,Z04,Z13,New Mexico,Butler
1998,R1Z5,Z05,Z12,Syracuse,Iona
1998,R1Z6,Z06,Z11,UCLA,Miami FL
1998,R1Z7,Z07,Z10,Massachusetts,Saint Louis
1998,R1Z8,Z08,Z09,Oklahoma St.,G Washington
1998,R2W1,R1W1,R1W8,North Carolina,Charlotte
1998,R2W2,R1W2,R1W7,Connecticut,Indiana
1998,R2W3,R1W3,R1W6,Washington,Richmond
1998,R2W4,R1W4,R1W5,Michigan St.,Princeton
1998,R2X1,R1X1,R1X8,Arizona,Illinois St.
1998,R2X2,R1X2,R1X7,Cincinnati,West Virginia
1998,R2X3,R1X3,R1X6,Utah,Arkansas
1998,R2X4,R1X4,R1X5,Maryland,Illinois
1998,R2Y1,R1Y1,R1Y8,Kansas,Rhode Island
1998,R2Y2,R1Y2,R1Y7,Purdue,Detroit
1998,R2Y3,R1Y3,R1Y6,Stanford,W Michigan
1998,R2Y4,R1Y4,R1Y5,Florida St.,Valparaiso
1998,R2Z1,R1Z1,R1Z8,Duke,Oklahoma St.
1998,R2Z2,R1Z2,R1Z7,Kentucky,Saint Louis
1998,R2Z3,R1Z3,R1Z6,Michigan,UCLA
1998,R2Z4,R1Z4,R1Z5,New Mexico,Syracuse
1998,R3W1,R2W1,R2W4,North Carolina,Michigan St.
1998,R3W2,R2W2,R2W3,Connecticut,Washington
1998,R3X1,R2X1,R2X4,Arizona,Maryland
1998,R3X2,R2X2,R2X3,Utah,West Virginia
1998,R3Y1,R2Y1,R2Y4,Rhode Island,Valparaiso
1998,R3Y2,R2Y2,R2Y3,Purdue,Stanford
1998,R3Z1,R2Z1,R2Z4,Duke,Syracuse
1998,R3Z2,R2Z2,R2Z3,Kentucky,UCLA
1998,R4W1,R3W1,R3W2,North Carolina,Connecticut
1998,R4X1,R3X1,R3X2,Arizona,Utah
1998,R4Y1,R3Y1,R3Y2,Stanford,Rhode Island
1998,R4Z1,R3Z1,R3Z2,Duke,Kentucky
1998,R5WX,R4W1,R4X1,North Carolina,Utah
1998,R5YZ,R4Y1,R4Z1,Kentucky,Stanford
1998,R6CH,R5WX,R5YZ,Kentucky,Utah
1999,R1W1,W01,W16,Duke,Florida A&M
1999,R1W2,W02,W15,Miami FL,Lafayette
1999,R1W3,W03,W14,Cincinnati,George Mason
1999,R1W4,W04,W13,Tennessee,Delaware
1999,R1W5,W05,W12,Wisconsin,Missouri St.
1999,R1W6,W06,W11,Temple,Kent
1999,R1W7,W07,W10,Texas,Purdue
1999,R1W8,W08,W09,Col Charleston,Tulsa
1999,R1X1,X01,X16,Michigan St.,Mt St. Mary's
1999,R1X2,X02,X15,Utah,Arkansas St.
1999,R1X3,X03,X14,Kentucky,New Mexico St.
1999,R1X4,X04,X13,Arizona,Oklahoma
1999,R1X5,X05,X12,Charlotte,Rhode Island
1999,R1X6,X06,X11,Kansas,Evansville
1999,R1X7,X07,X10,Washington,Miami OH
1999,R1X8,X08,X09,Villanova,Mississippi
1999,R1Y1,Y01,Y16,Auburn,Winthrop
1999,R1Y2,Y02,Y15,Maryland,Valparaiso
1999,R1Y3,Y03,Y14,St. John's,Samford
1999,R1Y4,Y04,Y13,Ohio St.,Murray St.
1999,R1Y5,Y05,Y12,UCLA,Detroit
1999,R1Y6,Y06,Y11,Indiana,G Washington
1999,R1Y7,Y07,Y10,Louisville,Creighton
1999,R1Y8,Y08,Y09,Syracuse,Oklahoma St.
1999,R1Z1,Z01,Z16,Connecticut,UT San Antonio
1999,R1Z2,Z02,Z15,Stanford,Alcorn St.
1999,R1Z3,Z03,Z14,North Carolina,Weber St.
1999,R1Z4,Z04,Z13,Arkansas,Siena
1999,R1Z5,Z05,Z12,Iowa,UAB
1999,R1Z6,Z06,Z11,Florida,Penn
1999,R1Z7,Z07,Z10,Minnesota,Gonzaga
1999,R1Z8,Z08,Z09,Missouri,New Mexico
1999,R2W1,R1W1,R1W8,Duke,Tulsa
1999,R2W2,R1W2,R1W7,Miami FL,Purdue
1999,R2W3,R1W3,R1W6,Cincinnati,Temple
1999,R2W4,R1W4,R1W5,Tennessee,Missouri St.
1999,R2X1,R1X1,R1X8,Michigan St.,Mississippi
1999,R2X2,R1X2,R1X7,Utah,Miami OH
1999,R2X3,R1X3,R1X6,Kentucky,Kansas
1999,R2X4,R1X4,R1X5,Charlotte,Oklahoma
1999,R2Y1,R1Y1,R1Y8,Auburn,Oklahoma St.
1999,R2Y2,R1Y2,R1Y7,Maryland,Creighton
1999,R2Y3,R1Y3,R1Y6,St. John's,Indiana
1999,R2Y4,R1Y4,R1Y5,Ohio St.,Detroit
1999,R2Z1,R1Z1,R1Z8,Connecticut,New Mexico
1999,R2Z2,R1Z2,R1Z7,Stanford,Gonzaga
1999,R2Z3,R1Z3,R1Z6,Florida,Weber St.
1999,R2Z4,R1Z4,R1Z5,Arkansas,Iowa
1999,R3W1,R2W1,R2W4,Duke,Missouri St.
1999,R3W2,R2W2,R2W3,Temple,Purdue
1999,R3X1,R2X1,R2X4,Michigan St.,Oklahoma
1999,R3X2,R2X2,R2X3,Kentucky,Miami OH
1999,R3Y1,R2Y1,R2Y4,Auburn,Ohio St.
1999,R3Y2,R2Y2,R2Y3,Maryland,St. John's
1999,R3Z1,R2Z1,R2Z4,Connecticut,Iowa
1999,R3Z2,R2Z2,R2Z3,Florida,Gonzaga
1999,R4W1,R3W1,R3W2,Duke,Temple
1999,R4X1,R3X1,R3X2,Michigan St.,Kentucky
1999,R4Y1,R3Y1,R3Y2,St. John's,Ohio St.
1999,R4Z1,R3Z1,R3Z2,Connecticut,Gonzaga
1999,R5WX,R4W1,R4X1,Duke,Michigan St.
1999,R5YZ,R4Y1,R4Z1,Connecticut,Ohio St.
1999,R6CH,R5WX,R5YZ,Duke,Connecticut
2000,R1W1,W01,W16,Duke,Lamar
2000,R1W2,W02,W15,Temple,Lafayette
2000,R1W3,W03,W14,Oklahoma St.,Hofstra
2000,R1W4,W04,W13,Illinois,Penn
2000,R1W5,W05,W12,Florida,Butler
2000,R1W6,W06,W11,Indiana,Pepperdine
2000,R1W7,W07,W10,Oregon,Seton Hall
2000,R1W8,W08,W09,Kansas,DePaul
2000,R1X1,X01,X16,Stanford,S Carolina St.
2000,R1X2,X02,X15,Cincinnati,UNC Wilmington
2000,R1X3,X03,X14,Ohio St.,Appalachian St.
2000,R1X4,X04,X13,Tennessee,Louisiana
2000,R1X5,X05,X12,Connecticut,Utah St.
2000,R1X6,X06,X11,Miami FL,Arkansas
2000,R1X7,X07,X10,Tulsa,UNLV
2000,R1X8,X08,X09,North Carolina,Missouri
2000,R1Y1,Y01,Y16,Michigan St.,Valparaiso
2000,R1Y2,Y02,Y15,Iowa St.,Central Conn
2000,R1Y3,Y03,Y14,Maryland,Iona
2000,R1Y4,Y04,Y13,Syracuse,Samford
2000,R1Y5,Y05,Y12,Kentucky,St. Bonaventure
2000,R1Y6,Y06,Y11,UCLA,Ball St.
2000,R1Y7,Y07,Y10,Auburn,Creighton
2000,R1Y8,Y08,Y09,Utah,Saint Louis
2000,R1Z1,Z01,Z16,Arizona,Jackson St.
2000,R1Z2,Z02,Z15,St. John's,Northern Arizona
2000,R1Z3,Z03,Z14,Oklahoma,Winthrop
2000,R1Z4,Z04,Z13,LSU,SE Missouri St.
2000,R1Z5,Z05,Z12,Texas,Indiana St.
2000,R1Z6,Z06,Z11,Purdue,Dayton
2000,R1Z7,Z07,Z10,Louisville,Gonzaga
2000,R1Z8,Z08,Z09,Wisconsin,Fresno St.
2000,R2W1,R1W1,R1W8,Duke,Kansas
2000,R2W2,R1W2,R1W7,Temple,Seton Hall
2000,R2W3,R1W3,R1W6,Oklahoma St.,Pepperdine
2000,R2W4,R1W4,R1W5,Illinois,Florida
2000,R2X1,R1X1,R1X8,Stanford,North Carolina
2000,R2X2,R1X2,R1X7,Cincinnati,Tulsa
2000,R2X3,R1X3,R1X6,Ohio St.,Miami FL
2000,R2X4,R1X4,R1X5,Tennessee,Connecticut
2000,R2Y1,R1Y1,R1Y8,Michigan St.,Utah
2000,R2Y2,R1Y2,R1Y7,Iowa St.,Auburn
2000,R2Y3,R1Y3,R1Y6,Maryland,UCLA
2000,R2Y4,R1Y4,R1Y5,Syracuse,Kentucky
2000,R2Z1,R1Z1,R1Z8,Arizona,Wisconsin
2000,R2Z2,R1Z2,R1Z7,St. John's,Gonzaga
2000,R2Z3,R1Z3,R1Z6,Oklahoma,Purdue
2000,R2Z4,R1Z4,R1Z5,LSU,Texas
2000,R3W1,R2W1,R2W4,Duke,Florida
2000,R3W2,R2W2,R2W3,Oklahoma St.,Seton Hall
2000,R3X1,R2X1,R2X4,Tennessee,North Carolina
2000,R3X2,R2X2,R2X3,Miami FL,Tulsa
2000,R3Y1,R2Y1,R2Y4,Michigan St.,Syracuse
2000,R3Y2,R2Y2,R2Y3,Iowa St.,UCLA
2000,R3Z1,R2Z1,R2Z4,LSU,Wisconsin
2000,R3Z2,R2Z2,R2Z3,Purdue,Gonzaga
2000,R4W1,R3W1,R3W2,Oklahoma St.,Florida
2000,R4X1,R3X1,R3X2,Tulsa,North Carolina
2000,R4Y1,R3Y1,R3Y2,Michigan St.,Iowa St.
2000,R4Z1,R3Z1,R3Z2,Purdue,Wisconsin
2000,R5WX,R4W1,R4X1,Florida,North Carolina
2000,R5YZ,R4Y1,R4Z1,Michigan St.,Wisconsin
2000,R6CH,R5WX,R5YZ,Michigan St.,Florida
2001,R1W1,W01,W16,Duke,Monmouth NJ
2001,R1W2,W02,W15,Kentucky,Holy Cross
2001,R1W3,W03,W14,Boston College,Southern Utah
2001,R1W4,W04,W13,UCLA,Hofstra
2001,R1W5,W05,W12,Ohio St.,Utah St.
2001,R1W6,W06,W11,USC,Oklahoma St.
2001,R1W7,W07,W10,Iowa,Creighton
2001,R1W8,W08,W09,Georgia,Missouri
2001,R1X1,X01,X16,Stanford,UNC Greensboro
2001,R1X2,X02,X15,Iowa St.,Hampton
2001,R1X3,X03,X14,Maryland,George Mason
2001,R1X4,X04,X13,Indiana,Kent
2001,R1X5,X05,X12,Cincinnati,BYU
2001,R1X6,X06,X11,Wisconsin,Georgia St.
2001,R1X7,X07,X10,Arkansas,Georgetown
2001,R1X8,X08,X09,Georgia Tech,Saint Joseph's
2001,R1Y1,Y01,Y16,Illinois,Northwestern LA
2001,R1Y2,Y02,Y15,Arizona,E Illinois
2001,R1Y3,Y03,Y14,Mississippi,Iona
2001,R1Y4,Y04,Y13,Kansas,CS Northridge
2001,R1Y5,Y05,Y12,Syracuse,Hawaii
2001,R1Y6,Y06,Y11,Notre Dame,Xavier
2001,R1Y7,Y07,Y10,Wake Forest,Butler
2001,R1Y8,Y08,Y09,Tennessee,Charlotte
2001,R1Z1,Z01,Z16,Michigan St.,Alabama St.
2001,R1Z2,Z02,Z15,North Carolina,Princeton
2001,R1Z3,Z03,Z14,Florida,WKU
2001,R1Z4,Z04,Z13,Oklahoma,Indiana St.
2001,R1Z5,Z05,Z12,Virginia,Gonzaga
2001,R1Z6,Z06,Z11,Texas,Temple
2001,R1Z7,Z07,Z10,Penn St.,Providence
2001,R1Z8,Z08,Z09,California,Fresno St.
2001,R2W1,R1W1,R1W8,Duke,Missouri
2001,R2W2,R1W2,R1W7,Kentucky,Iowa
2001,R2W3,R1W3,R1W6,Boston College,USC
2001,R2W4,R1W4,R1W5,UCLA,Utah St.
2001,R2X1,R1X1,R1X8,Stanford,Saint Joseph's
2001,R2X2,R1X2,R1X7,Georgetown,Hampton
2001,R2X3,R1X3,R1X6,Maryland,Georgia St.
2001,R2X4,R1X4,R1X5,Cincinnati,Kent
2001,R2Y1,R1Y1,R1Y8,Illinois,Charlotte
2001,R2Y2,R1Y2,R1Y7,Arizona,Butler
2001,R2Y3,R1Y3,R1Y6,Mississippi,Notre Dame
2001,R2Y4,R1Y4,R1Y5,Kansas,Syracuse
2001,R2Z1,R1Z1,R1Z8,Michigan St.,Fresno St.
2001,R2Z2,R1Z2,R1Z7,North Carolina,Penn St.
2001,R2Z3,R1Z3,R1Z6,Florida,Temple
2001,R2Z4,R1Z4,R1Z5,Gonzaga,Indiana St.
2001,R3W1,R2W1,R2W4,Duke,UCLA
2001,R3W2,R2W2,R2W3,Kentucky,USC
2001,R3X1,R2X1,R2X4,Stanford,Cincinnati
2001,R3X2,R2X2,R2X3,Maryland,Georgetown
2001,R3Y1,R2Y1,R2Y4,Illinois,Kansas
2001,R3Y2,R2Y2,R2Y3,Arizona,Mississippi
2001,R3Z1,R2Z1,R2Z4,Michigan St.,Gonzaga
2001,R3Z2,R2Z2,R2Z3,Penn St.,Temple
2001,R4W1,R3W1,R3W2,Duke,USC
2001,R4X1,R3X1,R3X2,Stanford,Maryland
2001,R4Y1,R3Y1,R3Y2,Illinois,Arizona
2001,R4Z1,R3Z1,R3Z2,Michigan St.,Temple
2001,R5WX,R4W1,R4X1,Duke,Maryland
2001,R5YZ,R4Y1,R4Z1,Arizona,Michigan St.
2001,R6CH,R5WX,R5YZ,Duke,Arizona
2001,Y16,Y16a,Y16b,Northwestern LA,Winthrop
2002,R1W1,W01,W16,Maryland,Siena
2002,R1W2,W02,W15,Connecticut,Hampton
2002,R1W3,W03,W14,Georgia,Murray St.
2002,R1W4,W04,W13,Kentucky,Valparaiso
2002,R1W5,W05,W12,Marquette,Tulsa
2002,R1W6,W06,W11,Texas Tech,S Illinois
2002,R1W7,W07,W10,NC State,Michigan St.
2002,R1W8,W08,W09,Wisconsin,St. John's
2002,R1X1,X01,X16,Kansas,Holy Cross
2002,R1X2,X02,X15,Oregon,Montana
2002,R1X3,X03,X14,Mississippi St.,McNeese St.
2002,R1X4,X04,X13,Illinois,San Diego St.
2002,R1X5,X05,X12,Florida,Creighton
2002,R1X6,X06,X11,Texas,Boston College
2002,R1X7,X07,X10,Wake Forest,Pepperdine
2002,R1X8,X08,X09,Stanford,WKU
2002,R1Y1,Y01,Y16,Duke,Winthrop
2002,R1Y2,Y02,Y15,Alabama,FL Atlantic
2002,R1Y3,Y03,Y14,Pittsburgh,Central Conn
2002,R1Y4,Y04,Y13,USC,UNC Wilmington
2002,R1Y5,Y05,Y12,Indiana,Utah
2002,R1Y6,Y06,Y11,California,Penn
2002,R1Y7,Y07,Y10,Oklahoma St.,Kent
2002,R1Y8,Y08,Y09,Notre Dame,Charlotte
2002,R1Z1,Z01,Z16,Cincinnati,Boston Univ
2002,R1Z2,Z02,Z15,Oklahoma,IL Chicago
2002,R1Z3,Z03,Z14,Arizona,UC Santa Barbara
2002,R1Z4,Z04,Z13,Ohio St.,Davidson
2002,R1Z5,Z05,Z12,Miami FL,Missouri
2002,R1Z6,Z06,Z11,Gonzaga,Wyoming
2002,R1Z7,Z07,Z10,Xavier,Hawaii
2002,R1Z8,Z08,Z09,UCLA,Mississippi
2002,R2W1,R1W1,R1W8,Maryland,Wisconsin
2002,R2W2,R1W2,R1W7,Connecticut,NC State
2002,R2W3,R1W3,R1W6,Georgia,S Illinois
2002,R2W4,R1W4,R1W5,Kentucky,Tulsa
2002,R2X1,R1X1,R1X8,Kansas,Stanford
2002,R2X2,R1X2,R1X7,Oregon,Wake Forest
2002,R2X3,R1X3,R1X6,Mississippi St.,Texas
2002,R2X4,R1X4,R1X5,Illinois,Creighton
2002,R2Y1,R1Y1,R1Y8,Duke,Notre Dame
2002,R2Y2,R1Y2,R1Y7,Alabama,Kent
2002,R2Y3,R1Y3,R1Y6,Pittsburgh,California
2002,R2Y4,R1Y4,R1Y5,Indiana,UNC Wilmington
2002,R2Z1,R1Z1,R1Z8,Cincinnati,UCLA
2002,R2Z2,R1Z2,R1Z7,Oklahoma,Xavier
2002,R2Z3,R1Z3,R1Z6,Arizona,Wyoming
2002,R2Z4,R1Z4,R1Z5,Ohio St.,Missouri
2002,R3W1,R2W1,R2W4,Maryland,Kentucky
2002,R3W2,R2W2,R2W3,Connecticut,S Illinois
2002,R3X1,R2X1,R2X4,Kansas,Illinois
2002,R3X2,R2X2,R2X3,Oregon,Texas
2002,R3Y1,R2Y1,R2Y4,Duke,Indiana
2002,R3Y2,R2Y2,R2Y3,Pittsburgh,Kent
2002,R3Z1,R2Z1,R2Z4,UCLA,Missouri
2002,R3Z2,R2Z2,R2Z3,Oklahoma,Arizona
2002,R4W1,R3W1,R3W2,Maryland,Connecticut
2002,R4X1,R3X1,R3X2,Kansas,Oregon
2002,R4Y1,R3Y1,R3Y2,Indiana,Kent
2002,R4Z1,R3Z1,R3Z2,Oklahoma,Missouri
2002,R5WX,R4W1,R4X1,Maryland,Kansas
2002,R5YZ,R4Y1,R4Z1,Oklahoma,Indiana
2002,R6CH,R5WX,R5YZ,Maryland,Indiana
2002,W16,W16a,W16b,Alcorn St.,Siena
2003,R1W1,W01,W16,Oklahoma,S Carolina St.
2003,R1W2,W02,W15,Wake Forest,ETSU
2003,R1W3,W03,W14,Syracuse,Manhattan
2003,R1W4,W04,W13,Louisville,Austin Peay
2003,R1W5,W05,W12,Mississippi St.,Butler
2003,R1W6,W06,W11,Oklahoma St.,Penn
2003,R1W7,W07,W10,Saint Joseph's,Auburn
2003,R1W8,W08,W09,California,NC State
2003,R1X1,X01,X16,Texas,UNC Asheville
2003,R1X2,X02,X15,Florida,Sam Houston St.
2003,R1X3,X03,X14,Xavier,Troy
2003,R1X4,X04,X13,Stanford,San Diego
2003,R1X5,X05,X12,Connecticut,BYU
2003,R1X6,X06,X11,Maryland,UNC Wilmington
2003,R1X7,X07,X10,Michigan St.,Colorado
2003,R1X8,X08,X09,LSU,Purdue
2003,R1Y1,Y01,Y16,Kentucky,IUPUI
2003,R1Y2,Y02,Y15,Pittsburgh,Wagner
2003,R1Y3,Y03,Y14,Marquette,Holy Cross
2003,R1Y4,Y04,Y13,Dayton,Tulsa
2003,R1Y5,Y05,Y12,Wisconsin,Weber St.
2003,R1Y6,Y06,Y11,Missouri,S Illinois
2003,R1Y7,Y07,Y10,Indiana,Alabama
2003,R1Y8,Y08,Y09,Oregon,Utah
2003,R1Z1,Z01,Z16,Arizona,Vermont
2003,R1Z2,Z02,Z15,Kansas,Utah St.
2003,R1Z3,Z03,Z14,Duke,Colorado St.
2003,R1Z4,Z04,Z13,Illinois,WKU
2003,R1Z5,Z05,Z12,Notre Dame,WI Milwaukee
2003,R1Z6,Z06,Z11,Creighton,C Michigan
2003,R1Z7,Z07,Z10,Memphis,Arizona St.
2003,R1Z8,Z08,Z09,Cincinnati,Gonzaga
2003,R2W1,R1W1,R1W8,Oklahoma,California
2003,R2W2,R1W2,R1W7,Wake Forest,Auburn
2003,R2W3,R1W3,R1W6,Syracuse,Oklahoma St.
2003,R2W4,R1W4,R1W5,Louisville,Butler
2003,R2X1,R1X1,R1X8,Texas,Purdue
2003,R2X2,R1X2,R1X7,Florida,Michigan St.
2003,R2X3,R1X3,R1X6,Xavier,Maryland
2003,R2X4,R1X4,R1X5,Stanford,Connecticut
2003,R2Y1,R1Y1,R1Y8,Kentucky,Utah
2003,R2Y2,R1Y2,R1Y7,Pittsburgh,Indiana
2003,R2Y3,R1Y3,R1Y6,Marquette,Missouri
2003,R2Y4,R1Y4,R1Y5,Wisconsin,Tulsa
2003,R2Z1,R1Z1,R1Z8,Arizona,Gonzaga
2003,R2Z2,R1Z2,R1Z7,Kansas,Arizona St.
2003,R2Z3,R1Z3,R1Z6,Duke,C Michigan
2003,R2Z4,R1Z4,R1Z5,Illinois,Notre Dame
2003,R3W1,R2W1,R2W4,Oklahoma,Butler
2003,R3W2,R2W2,R2W3,Syracuse,Auburn
2003,R3X1,R2X1,R2X4,Texas,Connecticut
2003,R3X2,R2X2,R2X3,Maryland,Michigan St.
2003,R3Y1,R2Y1,R2Y4,Kentucky,Wisconsin
2003,R3Y2,R2Y2,R2Y3,Pittsburgh,Marquette
2003,R3Z1,R2Z1,R2Z4,Arizona,Notre Dame
2003,R3Z2,R2Z2,R2Z3,Kansas,Duke
2003,R4W1,R3W1,R3W2,Oklahoma,Syracuse
2003,R4X1,R3X1,R3X2,Texas,Michigan St.
2003,R4Y1,R3Y1,R3Y2,Kentucky,Marquette
2003,R4Z1,R3Z1,R3Z2,Arizona,Kansas
2003,R5WX,R4W1,R4X1,Texas,Syracuse
2003,R5YZ,R4Y1,R4Z1,Kansas,Marquette
2003,R6CH,R5WX,R5YZ,Syracuse,Kansas
2003,X16,X16a,X16b,TX Southern,UNC Asheville
2004,R1W1,W01,W16,Duke,Alabama St.
2004,R1W2,W02,W15,Mississippi St.,Monmouth NJ
2004,R1W3,W03,W14,Texas,Princeton
2004,R1W4,W04,W13,Cincinnati,ETSU
2004,R1W5,W05,W12,Illinois,Murray St.
2004,R1W6,W06,W11,North Carolina,Air Force
2004,R1W7,W07,W10,Xavier,Louisville
2004,R1W8,W08,W09,Seton Hall,Arizona
2004,R1X1,X01,X16,Stanford,UT San Antonio
2004,R1X2,X02,X15,Connecticut,Vermont
2004,R1X3,X03,X14,NC State,Louisiana
2004,R1X4,X04,X13,Maryland,UTEP
2004,R1X5,X05,X12,Syracuse,BYU
2004,R1X6,X06,X11,Vanderbilt,W Michigan
2004,R1X7,X07,X10,DePaul,Dayton
2004,R1X8,X08,X09,Alabama,S Illinois
2004,R1Y1,Y01,Y16,Saint Joseph's,Liberty
2004,R1Y2,Y02,Y15,Oklahoma St.,E Washington
2004,R1Y3,Y03,Y14,Pittsburgh,UCF
2004,R1Y4,Y04,Y13,Wake Forest,VCU
2004,R1Y5,Y05,Y12,Florida,Manhattan
2004,R1Y6,Y06,Y11,Wisconsin,Richmond
2004,R1Y7,Y07,Y10,Memphis,South Carolina
2004,R1Y8,Y08,Y09,Texas Tech,Charlotte
2004,R1Z1,Z01,Z16,Kentucky,Florida A&M
2004,R1Z2,Z02,Z15,Gonzaga,Valparaiso
2004,R1Z3,Z03,Z14,Georgia Tech,Northern Iowa
2004,R1Z4,Z04,Z13,Kansas,IL Chicago
2004,R1Z5,Z05,Z12,Providence,Pacific
2004,R1Z6,Z06,Z11,Boston College,Utah
2004,R1Z7,Z07,Z10,Michigan St.,Nevada
2004,R1Z8,Z08,Z09,Washington,UAB
2004,R2W1,R1W1,R1W8,Duke,Seton Hall
2004,R2W2,R1W2,R1W7,Mississippi St.,Xavier
2004,R2W3,R1W3,R1W6,Texas,North Carolina
2004,R2W4,R1W4,R1W5,Cincinnati,Illinois
2004,R2X1,R1X1,R1X8,Stanford,Alabama
2004,R2X2,R1X2,R1X7,Connecticut,DePaul
2004,R2X3,R1X3,R1X6,NC State,Vanderbilt
2004,R2X4,R1X4,R1X5,Maryland,Syracuse
2004,R2Y1,R1Y1,R1Y8,Saint Joseph's,Texas Tech
2004,R2Y2,R1Y2,R1Y7,Oklahoma St.,Memphis
2004,R2Y3,R1Y3,R1Y6,Pittsburgh,Wisconsin
2004,R2Y4,R1Y4,R1Y5,Wake Forest,Manhattan
2004,R2Z1,R1Z1,R1Z8,Kentucky,UAB
2004,R2Z2,R1Z2,R1Z7,Gonzaga,Nevada
2004,R2Z3,R1Z3,R1Z6,Georgia Tech,Boston College
2004,R2Z4,R1Z4,R1Z5,Kansas,Pacific
2004,R3W1,R2W1,R2W4,Duke,Illinois
2004,R3W2,R2W2,R2W3,Texas,Xavier
2004,R3X1,R2X1,R2X4,Syracuse,Alabama
2004,R3X2,R2X2,R2X3,Connecticut,Vanderbilt
2004,R3Y1,R2Y1,R2Y4,Saint Joseph's,Wake Forest
2004,R3Y2,R2Y2,R2Y3,Oklahoma St.,Pittsburgh
2004,R3Z1,R2Z1,R2Z4,UAB,Kansas
2004,R3Z2,R2Z2,R2Z3,Georgia Tech,Nevada
2004,R4W1,R3W1,R3W2,Duke,Xavier
2004,R4X1,R3X1,R3X2,Connecticut,Alabama
2004,R4Y1,R3Y1,R3Y2,Saint Joseph's,Oklahoma St.
2004,R4Z1,R3Z1,R3Z2,Kansas,Georgia Tech
2004,R5WX,R4W1,R4X1,Duke,Connecticut
2004,R5YZ,R4Y1,R4Z1,Georgia Tech,Oklahoma St.
2004,R6CH,R5WX,R5YZ,Georgia Tech,Connecticut
2004,Z16,Z16a,Z16b,Florida A&M,Lehigh
2005,R1W1,W01,W16,Washington,Montana
2005,R1W2,W02,W15,Wake Forest,Chattanooga
2005,R1W3,W03,W14,Gonzaga,Winthrop
2005,R1W4,W04,W13,Louisville,Louisiana
2005,R1W5,W05,W12,Georgia Tech,G Washington
2005,R1W6,W06,W11,Texas Tech,UCLA
2005,R1W7,W07,W10,West Virginia,Creighton
2005,R1W8,W08,W09,Pacific,Pittsburgh
2005,R1X1,X01,X16,Illinois,F Dickinson
2005,R1X2,X02,X15,Oklahoma St.,SE Louisiana
2005,R1X3,X03,X14,Arizona,Utah St.
2005,R1X4,X04,X13,Boston College,Penn
2005,R1X5,X05,X12,Alabama,WI Milwaukee
2005,R1X6,X06,X11,LSU,UAB
2005,R1X7,X07,X10,S Illinois,Saint Mary's
2005,R1X8,X08,X09,Texas,Nevada
2005,R1Y1,Y01,Y16,Duke,Delaware St.
2005,R1Y2,Y02,Y15,Kentucky,E Kentucky
2005,R1Y3,Y03,Y14,Oklahoma,Niagara
2005,R1Y4,Y04,Y13,Syracuse,Vermont
2005,R1Y5,Y05,Y12,Michigan St.,Old Dominion
2005,R1Y6,Y06,Y11,Utah,UTEP
2005,R1Y7,Y07,Y10,Cincinnati,Iowa
2005,R1Y8,Y08,Y09,Stanford,Mississippi St.
2005,R1Z1,Z01,Z16,North Carolina,
2005,R1Z2,Z02,Z15,Connecticut,UCF
2005,R1Z3,Z03,Z14,Kansas,Bucknell
2005,R1Z4,Z04,Z13,Florida,Ohio
2005,R1Z5,Z05,Z12,Villanova,New Mexico
2005,R1Z6,Z06,Z11,Wisconsin,Northern Iowa
2005,R1Z7,Z07,Z10,Charlotte,NC State
2005,R1Z8,Z08,Z09,Minnesota,Iowa St.
2005,R2W1,R1W1,R1W8,Washington,Pacific
2005,R2W2,R1W2,R1W7,Wake Forest,West Virginia
2005,R2W3,R1W3,R1W6,Gonzaga,Texas Tech
2005,R2W4,R1W4,R1W5,Louisville,Georgia Tech
2005,R2X1,R1X1,R1X8,Illinois,Nevada
2005,R2X2,R1X2,R1X7,Oklahoma St.,S Illinois
2005,R2X3,R1X3,R1X6,Arizona,UAB
2005,R2X4,R1X4,R1X5,Boston College,WI Milwaukee
2005,R2Y1,R1Y1,R1Y8,Duke,Mississippi St.
2005,R2Y2,R1Y2,R1Y7,Kentucky,Cincinnati
2005,R2Y3,R1Y3,R1Y6,Oklahoma,Utah
2005,R2Y4,R1Y4,R1Y5,Michigan St.,Vermont
2005,R2Z1,R1Z1,R1Z8,,
2005,R2Z2,R1Z2,R1Z7,Connecticut,NC State
2005,R2Z3,R1Z3,R1Z6,Wisconsin,Bucknell
2005,R2Z4,R1Z4,R1Z5,Florida,Villanova
2005,R3W1,R2W1,R2W4,Washington,Louisville
2005,R3W2,R2W2,R2W3,Texas Tech,West Virginia
2005,R3X1,R2X1,R2X4,Illinois,WI Milwaukee
2005,R3X2,R2X2,R2X3,Oklahoma St.,Arizona
2005,R3Y1,R2Y1,R2Y4,Duke,Michigan St.
2005,R3Y2,R2Y2,R2Y3,Kentucky,Utah
2005,R3Z1,R2Z1,R2Z4,,
2005,R3Z2,R2Z2,R2Z3,Wisconsin,NC State
2005,R4W1,R3W1,R3W2,Louisville,West Virginia
2005,R4X1,R3X1,R3X2,Illinois,Arizona
2005,R4Y1,R3Y1,R3Y2,Kentucky,Michigan St.
2005,R4Z1,R3Z1,R3Z2,,
2005,R5WX,R4W1,R4X1,Illinois,Louisville
2005,R5YZ,R4Y1,R4Z1,,
2005,R6CH,R5WX,R5YZ,,
2005,Z16,Z16a,Z16b,Alabama A&M,Oakland
2006,R1W1,W01,W16,Duke,Southern Univ
2006,R1W2,W02,W15,Texas,Penn
2006,R1W3,W03,W14,Iowa,Northwestern LA
2006,R1W4,W04,W13,LSU,Iona
2006,R1W5,W05,W12,Syracuse,Texas A&M
2006,R1W6,W06,W11,West Virginia,S Illinois
2006,R1W7,W07,W10,California,NC State
2006,R1W8,W08,W09,G Washington,UNC Wilmington
2006,R1X1,X01,X16,Memphis,Oral Roberts
2006,R1X2,X02,X15,UCLA,Belmont
2006,R1X3,X03,X14,Gonzaga,Xavier
2006,R1X4,X04,X13,Kansas,Bradley
2006,R1X5,X05,X12,Pittsburgh,Kent
2006,R1X6,X06,X11,Indiana,San Diego St.
2006,R1X7,X07,X10,Marquette,Alabama
2006,R1X8,X08,X09,Arkansas,Bucknell
2006,R1Y1,Y01,Y16,Villanova,
2006,R1Y2,Y02,Y15,Ohio St.,Davidson
2006,R1Y3,Y03,Y14,Florida,South Alabama
2006,R1Y4,Y04,Y13,Boston College,Pacific
2006,R1Y5,Y05,Y12,Nevada,Montana
2006,R1Y6,Y06,Y11,Oklahoma,WI Milwaukee
2006,R1Y7,Y07,Y10,Georgetown,Northern Iowa
2006,R1Y8,Y08,Y09,Arizona,Wisconsin
2006,R1Z1,Z01,Z16,Connecticut,SUNY Albany
2006,R1Z2,Z02,Z15,Tennessee,Winthrop
2006,R1Z3,Z03,Z14,North Carolina,Murray St.
2006,R1Z4,Z04,Z13,Illinois,Air Force
2006,R1Z5,Z05,Z12,Washington,Utah St.
2006,R1Z6,Z06,Z11,Michigan St.,George Mason
2006,R1Z7,Z07,Z10,Wichita St.,Seton Hall
2006,R1Z8,Z08,Z09,Kentucky,UAB
2006,R2W1,R1W1,R1W8,Duke,G Washington
2006,R2W2,R1W2,R1W7,Texas,NC State
2006,R2W3,R1W3,R1W6,West Virginia,Northwestern LA
2006,R2W4,R1W4,R1W5,LSU,Texas A&M
2006,R2X1,R1X1,R1X8,Memphis,Bucknell
2006,R2X2,R1X2,R1X7,UCLA,Alabama
2006,R2X3,R1X3,R1X6,Gonzaga,Indiana
2006,R2X4,R1X4,R1X5,Pittsburgh,Bradley
2006,R2Y1,R1Y1,R1Y8,,
2006,R2Y2,R1Y2,R1Y7,Ohio St.,Georgetown
2006,R2Y3,R1Y3,R1Y6,Florida,WI Milwaukee
2006,R2Y4,R1Y4,R1Y5,Boston College,Montana
2006,R2Z1,R1Z1,R1Z8,Connecticut,Kentucky
2006,R2Z2,R1Z2,R1Z7,Tennessee,Wichita St.
2006,R2Z3,R1Z3,R1Z6,North Carolina,George Mason
2006,R2Z4,R1Z4,R1Z5,Illinois,Washington
2006,R3W1,R2W1,R2W4,Duke,LSU
2006,R3W2,R2W2,R2W3,Texas,West Virginia
2006,R3X1,R2X1,R2X4,Memphis,Bradley
2006,R3X2,R2X2,R2X3,UCLA,Gonzaga
2006,R3Y1,R2Y1,R2Y4,,
2006,R3Y2,R2Y2,R2Y3,Florida,Georgetown
2006,R3Z1,R2Z1,R2Z4,Connecticut,Washington
2006,R3Z2,R2Z2,R2Z3,Wichita St.,George Mason
2006,R4W1,R3W1,R3W2,Texas,LSU
2006,R4X1,R3X1,R3X2,Memphis,UCLA
2006,R4Y1,R3Y1,R3Y2,,
2006,R4Z1,R3Z1,R3Z2,Connecticut,George Mason
2006,R5WX,R4W1,R4X1,UCLA,LSU
2006,R5YZ,R4Y1,R4Z1,,
2006,R6CH,R5WX,R5YZ,,
2006,Y16,Y16a,Y16b,Hampton,Monmouth NJ
2007,R1W1,W01,W16,North Carolina,E Kentucky
2007,R1W2,W02,W15,Georgetown,Belmont
2007,R1W3,W03,W14,Washington St.,Oral Roberts
2007,R1W4,W04,W13,Texas,New Mexico St.
2007,R1W5,W05,W12,USC,Arkansas
2007,R1W6,W06,W11,Vanderbilt,G Washington
2007,R1W7,W07,W10,Boston College,Texas Tech
2007,R1W8,W08,W09,Marquette,Michigan St.
2007,R1X1,X01,X16,Ohio St.,Central Conn
2007,R1X2,X02,X15,Memphis,North Texas
2007,R1X3,X03,X14,Texas A&M,Penn
2007,R1X4,X04,X13,Virginia,SUNY Albany
2007,R1X5,X05,X12,Tennessee,Long Beach St.
2007,R1X6,X06,X11,Louisville,Stanford
2007,R1X7,X07,X10,Nevada,Creighton
2007,R1X8,X08,X09,BYU,Xavier
2007,R1Y1,Y01,Y16,Florida,Jackson St.
2007,R1Y2,Y02,Y15,Wisconsin,TAM C. Christi
2007,R1Y3,Y03,Y14,Oregon,Miami OH
2007,R1Y4,Y04,Y13,Maryland,Davidson
2007,R1Y5,Y05,Y12,Butler,Old Dominion
2007,R1Y6,Y06,Y11,Notre Dame,Winthrop
2007,R1Y7,Y07,Y10,UNLV,Georgia Tech
2007,R1Y8,Y08,Y09,Arizona,Purdue
2007,R1Z1,Z01,Z16,Kansas,
2007,R1Z2,Z02,Z15,UCLA,Weber St.
2007,R1Z3,Z03,Z14,Pittsburgh,Wright St.
2007,R1Z4,Z04,Z13,S Illinois,Holy Cross
2007,R1Z5,Z05,Z12,Virginia Tech,Illinois
2007,R1Z6,Z06,Z11,Duke,VCU
2007,R1Z7,Z07,Z10,Indiana,Gonzaga
2007,R1Z8,Z08,Z09,Kentucky,Villanova
2007,R2W1,R1W1,R1W8,North Carolina,Michigan St.
2007,R2W2,R1W2,R1W7,Georgetown,Boston College
2007,R2W3,R1W3,R1W6,Washington St.,Vanderbilt
2007,R2W4,R1W4,R1W5,Texas,USC
2007,R2X1,R1X1,R1X8,Ohio St.,Xavier
2007,R2X2,R1X2,R1X7,Memphis,Nevada
2007,R2X3,R1X3,R1X6,Texas A&M,Louisville
2007,R2X4,R1X4,R1X5,Virginia,Tennessee
2007,R2Y1,R1Y1,R1Y8,Florida,Purdue
2007,R2Y2,R1Y2,R1Y7,Wisconsin,UNLV
2007,R2Y3,R1Y3,R1Y6,Oregon,Winthrop
2007,R2Y4,R1Y4,R1Y5,Maryland,Butler
2007,R2Z1,R1Z1,R1Z8,,
2007,R2Z2,R1Z2,R1Z7,UCLA,Indiana
2007,R2Z3,R1Z3,R1Z6,Pittsburgh,VCU
2007,R2Z4,R1Z4,R1Z5,S Illinois,Virginia Tech
2007,R3W1,R2W1,R2W4,North Carolina,USC
2007,R3W2,R2W2,R2W3,Georgetown,Vanderbilt
2007,R3X1,R2X1,R2X4,Ohio St.,Tennessee
2007,R3X2,R2X2,R2X3,Memphis,Texas A&M
2007,R3Y1,R2Y1,R2Y4,Florida,Butler
2007,R3Y2,R2Y2,R2Y3,Oregon,UNLV
2007,R3Z1,R2Z1,R2Z4,,
2007,R3Z2,R2Z2,R2Z3,UCLA,Pittsburgh
2007,R4W1,R3W1,R3W2,North Carolina,Georgetown
2007,R4X1,R3X1,R3X2,Ohio St.,Memphis
2007,R4Y1,R3Y1,R3Y2,Florida,Oregon
2007,R4Z1,R3Z1,R3Z2,,
2007,R5WX,R4W1,R4X1,Ohio St.,Georgetown
2007,R5YZ,R4Y1,R4Z1,,
2007,R6CH,R5WX,R5YZ,,
2007,Z16,Z16a,Z16b,Florida A&M,Niagara
2008,R1W1,W01,W16,North Carolina,
2008,R1W2,W02,W15,Tennessee,American Univ
2008,R1W3,W03,W14,Louisville,Boise St.
2008,R1W4,W04,W13,Washington St.,Winthrop
2008,R1W5,W05,W12,Notre Dame,George Mason
2008,R1W6,W06,W11,Oklahoma,Saint Joseph's
2008,R1W7,W07,W10,Butler,South Alabama
2008,R1W8,W08,W09,Indiana,Arkansas
2008,R1X1,X01,X16,Kansas,Portland St.
2008,R1X2,X02,X15,Georgetown,UMBC
2008,R1X3,X03,X14,Wisconsin,CS Fullerton
2008,R1X4,X04,X13,Vanderbilt,Siena
2008,R1X5,X05,X12,Clemson,Villanova
2008,R1X6,X06,X11,USC,Kansas St.
2008,R1X7,X07,X10,Gonzaga,Davidson
2008,R1X8,X08,X09,UNLV,Kent
2008,R1Y1,Y01,Y16,Memphis,UT Arlington
2008,R1Y2,Y02,Y15,Texas,Austin Peay
2008,R1Y3,Y03,Y14,Stanford,Cornell
2008,R1Y4,Y04,Y13,Pittsburgh,Oral Roberts
2008,R1Y5,Y05,Y12,Michigan St.,Temple
2008,R1Y6,Y06,Y11,Marquette,Kentucky
2008,R1Y7,Y07,Y10,Miami FL,Saint Mary's
2008,R1Y8,Y08,Y09,Mississippi St.,Oregon
2008,R1Z1,Z01,Z16,UCLA,MS Valley St.
2008,R1Z2,Z02,Z15,Duke,Belmont
2008,R1Z3,Z03,Z14,Xavier,Georgia
2008,R1Z4,Z04,Z13,Connecticut,San Diego
2008,R1Z5,Z05,Z12,Drake,WKU
2008,R1Z6,Z06,Z11,Purdue,Baylor
2008,R1Z7,Z07,Z10,West Virginia,Arizona
2008,R1Z8,Z08,Z09,BYU,Texas A&M
2008,R2W1,R1W1,R1W8,,
2008,R2W2,R1W2,R1W7,Tennessee,Butler
2008,R2W3,R1W3,R1W6,Louisville,Oklahoma
2008,R2W4,R1W4,R1W5,Washington St.,Notre Dame
2008,R2X1,R1X1,R1X8,Kansas,UNLV
2008,R2X2,R1X2,R1X7,Georgetown,Davidson
2008,R2X3,R1X3,R1X6,Wisconsin,Kansas St.
2008,R2X4,R1X4,R1X5,Villanova,Siena
2008,R2Y1,R1Y1,R1Y8,Memphis,Mississippi St.
2008,R2Y2,R1Y2,R1Y7,Texas,Miami FL
2008,R2Y3,R1Y3,R1Y6,Stanford,Marquette
2008,R2Y4,R1Y4,R1Y5,Pittsburgh,Michigan St.
2008,R2Z1,R1Z1,R1Z8,UCLA,Texas A&M
2008,R2Z2,R1Z2,R1Z7,Duke,West Virginia
2008,R2Z3,R1Z3,R1Z6,Xavier,Purdue
2008,R2Z4,R1Z4,R1Z5,WKU,San Diego
2008,R3W1,R2W1,R2W4,,
2008,R3W2,R2W2,R2W3,Tennessee,Louisville
2008,R3X1,R2X1,R2X4,Kansas,Villanova
2008,R3X2,R2X2,R2X3,Wisconsin,Davidson
2008,R3Y1,R2Y1,R2Y4,Memphis,Michigan St.
2008,R3Y2,R2Y2,R2Y3,Texas,Stanford
2008,R3Z1,R2Z1,R2Z4,UCLA,WKU
2008,R3Z2,R2Z2,R2Z3,Xavier,West Virginia
2008,R4W1,R3W1,R3W2,,
2008,R4X1,R3X1,R3X2,Kansas,Davidson
2008,R4Y1,R3Y1,R3Y2,Memphis,Texas
2008,R4Z1,R3Z1,R3Z2,UCLA,Xavier
2008,R5WX,R4W1,R4X1,,
2008,R5YZ,R4Y1,R4Z1,Memphis,UCLA
2008,R6CH,R5WX,R5YZ,,
2008,W16,W16a,W16b,Coppin St.,Mt St. Mary's
2009,R1W1,W01,W16,Pittsburgh,ETSU
2009,R1W2,W02,W15,Duke,Binghamton
2009,R1W3,W03,W14,Villanova,American Univ
2009,R1W4,W04,W13,Xavier,Portland St.
2009,R1W5,W05,W12,Florida St.,Wisconsin
2009,R1W6,W06,W11,UCLA,VCU
2009,R1W7,W07,W10,Texas,Minnesota
2009,R1W8,W08,W09,Oklahoma St.,Tennessee
2009,R1X1,X01,X16,North Carolina,Radford
2009,R1X2,X02,X15,Oklahoma,Morgan St.
2009,R1X3,X03,X14,Syracuse,SF Austin
2009,R1X4,X04,X13,Gonzaga,Akron
2009,R1X5,X05,X12,Illinois,WKU
2009,R1X6,X06,X11,Arizona St.,Temple
2009,R1X7,X07,X10,Clemson,Michigan
2009,R1X8,X08,X09,LSU,Butler
2009,R1Y1,Y01,Y16,Louisville,
2009,R1Y2,Y02,Y15,Michigan St.,Robert Morris
2009,R1Y3,Y03,Y14,Kansas,N Dakota St.
2009,R1Y4,Y04,Y13,Wake Forest,Cleveland St.
2009,R1Y5,Y05,Y12,Utah,Arizona
2009,R1Y6,Y06,Y11,West Virginia,Dayton
2009,R1Y7,Y07,Y10,Boston College,USC
2009,R1Y8,Y08,Y09,Ohio St.,Siena
2009,R1Z1,Z01,Z16,Connecticut,Chattanooga
2009,R1Z2,Z02,Z15,Memphis,CS Northridge
2009,R1Z3,Z03,Z14,Missouri,Cornell
2009,R1Z4,Z04,Z13,Washington,Mississippi St.
2009,R1Z5,Z05,Z12,Purdue,Northern Iowa
2009,R1Z6,Z06,Z11,Marquette,Utah St.
2009,R1Z7,Z07,Z10,California,Maryland
2009,R1Z8,Z08,Z09,BYU,Texas A&M
2009,R2W1,R1W1,R1W8,Pittsburgh,Oklahoma St.
2009,R2W2,R1W2,R1W7,Duke,Texas
2009,R2W3,R1W3,R1W6,Villanova,UCLA
2009,R2W4,R1W4,R1W5,Xavier,Wisconsin
2009,R2X1,R1X1,R1X8,North Carolina,LSU
2009,R2X2,R1X2,R1X7,Oklahoma,Michigan
2009,R2X3,R1X3,R1X6,Syracuse,Arizona St.
2009,R2X4,R1X4,R1X5,Gonzaga,WKU
2009,R2Y1,R1Y1,R1Y8,,
2009,R2Y2,R1Y2,R1Y7,Michigan St.,USC
2009,R2Y3,R1Y3,R1Y6,Kansas,Dayton
2009,R2Y4,R1Y4,R1Y5,Arizona,Cleveland St.
2009,R2Z1,R1Z1,R1Z8,Connecticut,Texas A&M
2009,R2Z2,R1Z2,R1Z7,Memphis,Maryland
2009,R2Z3,R1Z3,R1Z6,Missouri,Marquette
2009,R2Z4,R1Z4,R1Z5,Washington,Purdue
2009,R3W1,R2W1,R2W4,Pittsburgh,Xavier
2009,R3W2,R2W2,R2W3,Duke,Villanova
2009,R3X1,R2X1,R2X4,North Carolina,Gonzaga
2009,R3X2,R2X2,R2X3,Oklahoma,Syracuse
2009,R3Y1,R2Y1,R2Y4,,
2009,R3Y2,R2Y2,R2Y3,Michigan St.,Kansas
2009,R3Z1,R2Z1,R2Z4,Connecticut,Purdue
2009,R3Z2,R2Z2,R2Z3,Memphis,Missouri
2009,R4W1,R3W1,R3W2,Pittsburgh,Villanova
2009,R4X1,R3X1,R3X2,North Carolina,Oklahoma
2009,R4Y1,R3Y1,R3Y2,,
2009,R4Z1,R3Z1,R3Z2,Connecticut,Missouri
2009,R5WX,R4W1,R4X1,North Carolina,Villanova
2009,R5YZ,R4Y1,R4Z1,,
2009,R6CH,R5WX,R5YZ,,
2009,Y16,Y16a,Y16b,Alabama St.,Morehead St.
2010,R1W1,W01,W16,Kentucky,ETSU
2010,R1W2,W02,W15,West Virginia,Morgan St.
2010,R1W3,W03,W14,New Mexico,Montana
2010,R1W4,W04,W13,Wisconsin,Wofford
2010,R1W5,W05,W12,Temple,Cornell
2010,R1W6,W06,W11,Marquette,Washington
2010,R1W7,W07,W10,Clemson,Missouri
2010,R1W8,W08,W09,Texas,Wake Forest
2010,R1X1,X01,X16,Duke,
2010,R1X2,X02,X15,Villanova,Robert Morris
2010,R1X3,X03,X14,Baylor,Sam Houston St.
2010,R1X4,X04,X13,Purdue,Siena
2010,R1X5,X05,X12,Texas A&M,Utah St.
2010,R1X6,X06,X11,Notre Dame,Old Dominion
2010,R1X7,X07,X10,Richmond,Saint Mary's
2010,R1X8,X08,X09,California,Louisville
2010,R1Y1,Y01,Y16,Kansas,Lehigh
2010,R1Y2,Y02,Y15,Ohio St.,UC Santa Barbara
2010,R1Y3,Y03,Y14,Georgetown,Ohio
2010,R1Y4,Y04,Y13,Maryland,Houston
2010,R1Y5,Y05,Y12,Michigan St.,New Mexico St.
2010,R1Y6,Y06,Y11,Tennessee,San Diego St.
2010,R1Y7,Y07,Y10,Oklahoma St.,Georgia Tech
2010,R1Y8,Y08,Y09,UNLV,Northern Iowa
2010,R1Z1,Z01,Z16,Syracuse,Vermont
2010,R1Z2,Z02,Z15,Kansas St.,North Texas
2010,R1Z3,Z03,Z14,Pittsburgh,Oakland
2010,R1Z4,Z04,Z13,Vanderbilt,Murray St.
2010,R1Z5,Z05,Z12,Butler,UTEP
2010,R1Z6,Z06,Z11,Xavier,Minnesota
2010,R1Z7,Z07,Z10,BYU,Florida
2010,R1Z8,Z08,Z09,Gonzaga,Florida St.
2010,R2W1,R1W1,R1W8,Kentucky,Wake Forest
2010,R2W2,R1W2,R1W7,West Virginia,Missouri
2010,R2W3,R1W3,R1W6,New Mexico,Washington
2010,R2W4,R1W4,R1W5,Wisconsin,Cornell
2010,R2X1,R1X1,R1X8,,
2010,R2X2,R1X2,R1X7,Villanova,Saint Mary's
2010,R2X3,R1X3,R1X6,Baylor,Old Dominion
2010,R2X4,R1X4,R1X5,Purdue,Texas A&M
2010,R2Y1,R1Y1,R1Y8,Kansas,Northern Iowa
2010,R2Y2,R1Y2,R1Y7,Ohio St.,Georgia Tech
2010,R2Y3,R1Y3,R1Y6,Tennessee,Ohio
2010,R2Y4,R1Y4,R1Y5,Maryland,Michigan St.
2010,R2Z1,R1Z1,R1Z8,Syracuse,Gonzaga
2010,R2Z2,R1Z2,R1Z7,Kansas St.,BYU
2010,R2Z3,R1Z3,R1Z6,Pittsburgh,Xavier
2010,R2Z4,R1Z4,R1Z5,Butler,Murray St.
2010,R3W1,R2W1,R2W4,Kentucky,Cornell
2010,R3W2,R2W2,R2W3,West Virginia,Washington
2010,R3X1,R2X1,R2X4,,
2010,R3X2,R2X2,R2X3,Baylor,Saint Mary's
2010,R3Y1,R2Y1,R2Y4,Michigan St.,Northern Iowa
2010,R3Y2,R2Y2,R2Y3,Ohio St.,Tennessee
2010,R3Z1,R2Z1,R2Z4,Syracuse,Butler
2010,R3Z2,R2Z2,R2Z3,Kansas St.,Xavier
2010,R4W1,R3W1,R3W2,Kentucky,West Virginia
2010,R4X1,R3X1,R3X2,,
2010,R4Y1,R3Y1,R3Y2,Michigan St.,Tennessee
2010,R4Z1,R3Z1,R3Z2,Kansas St.,Butler
2010,R5WX,R4W1,R4X1,,
2010,R5YZ,R4Y1,R4Z1,Michigan St.,Butler
2010,R6CH,R5WX,R5YZ,,
2010,X16,X16a,X16b,Ark Pine Bluff,Winthrop
2011,R1W1,W01,W16,Ohio St.,
2011,R1W2,W02,W15,North Carolina,LIU Brooklyn
2011,R1W3,W03,W14,Syracuse,Indiana St.
2011,R1W4,W04,W13,Kentucky,Princeton
2011,R1W5,W05,W12,West Virginia,
2011,R1W6,W06,W11,Xavier,Marquette
2011,R1W7,W07,W10,Washington,Georgia
2011,R1W8,W08,W09,George Mason,Villanova
2011,R1X1,X01,X16,Duke,Hampton
2011,R1X2,X02,X15,San Diego St.,N Colorado
2011,R1X3,X03,X14,Connecticut,Bucknell
2011,R1X4,X04,X13,Texas,Oakland
2011,R1X5,X05,X12,Arizona,Memphis
2011,R1X6,X06,X11,Cincinnati,Missouri
2011,R1X7,X07,X10,Temple,Penn St.
2011,R1X8,X08,X09,Michigan,Tennessee
2011,R1Y1,Y01,Y16,Pittsburgh,
2011,R1Y2,Y02,Y15,Florida,UC Santa Barbara
2011,R1Y3,Y03,Y14,BYU,Wofford
2011,R1Y4,Y04,Y13,Wisconsin,Belmont
2011,R1Y5,Y05,Y12,Kansas St.,Utah St.
2011,R1Y6,Y06,Y11,St. John's,Gonzaga
2011,R1Y7,Y07,Y10,UCLA,Michigan St.
2011,R1Y8,Y08,Y09,Butler,Old Dominion
2011,R1Z1,Z01,Z16,Kansas,Boston Univ
2011,R1Z2,Z02,Z15,Notre Dame,Akron
2011,R1Z3,Z03,Z14,Purdue,Saint Peter's
2011,R1Z4,Z04,Z13,Louisville,Morehead St.
2011,R1Z5,Z05,Z12,Vanderbilt,Richmond
2011,R1Z6,Z06,Z11,Georgetown,
2011,R1Z7,Z07,Z10,Texas A&M,Florida St.
2011,R1Z8,Z08,Z09,UNLV,Illinois
2011,R2W1,R1W1,R1W8,,
2011,R2W2,R1W2,R1W7,North Carolina,Washington
2011,R2W3,R1W3,R1W6,Syracuse,Marquette
2011,R2W4,R1W4,R1W5,,
2011,R2X1,R1X1,R1X8,Duke,Michigan
2011,R2X2,R1X2,R1X7,San Diego St.,Temple
2011,R2X3,R1X3,R1X6,Connecticut,Cincinnati
2011,R2X4,R1X4,R1X5,Texas,Arizona
2011,R2Y1,R1Y1,R1Y8,,
2011,R2Y2,R1Y2,R1Y7,Florida,UCLA
2011,R2Y3,R1Y3,R1Y6,BYU,Gonzaga
2011,R2Y4,R1Y4,R1Y5,Wisconsin,Kansas St.
2011,R2Z1,R1Z1,R1Z8,Kansas,Illinois
2011,R2Z2,R1Z2,R1Z7,Notre Dame,Florida St.
2011,R2Z3,R1Z3,R1Z6,,
2011,R2Z4,R1Z4,R1Z5,Richmond,Morehead St.
2011,R3W1,R2W1,R2W4,,
2011,R3W2,R2W2,R2W3,North Carolina,Marquette
2011,R3X1,R2X1,R2X4,Duke,Arizona
2011,R3X2,R2X2,R2X3,San Diego St.,Connecticut
2011,R3Y1,R2Y1,R2Y4,,
2011,R3Y2,R2Y2,R2Y3,Florida,BYU
2011,R3Z1,R2Z1,R2Z4,Kansas,Richmond
2011,R3Z2,R2Z2,R2Z3,,
2011,R4W1,R3W1,R3W2,,
2011,R4X1,R3X1,R3X2,Connecticut,Arizona
2011,R4Y1,R3Y1,R3Y2,,
2011,R4Z1,R3Z1,R3Z2,,
2011,R5WX,R4W1,R4X1,,
2011,R5YZ,R4Y1,R4Z1,,
2011,R6CH,R5WX,R5YZ,,
2011,W12,W12a,W12b,Clemson,UAB
2011,W16,W16a,W16b,Alabama St.,UT San Antonio
2011,Y16,Y16a,Y16b,Ark Little Rock,UNC Asheville
2011,Z11,Z11a,Z11b,USC,VCU
2012,R1W1,W01,W16,Syracuse,UNC Asheville
2012,R1W2,W02,W15,Ohio St.,Loyola MD
2012,R1W3,W03,W14,Florida St.,St. Bonaventure
2012,R1W4,W04,W13,Wisconsin,Montana
2012,R1W5,W05,W12,Vanderbilt,Harvard
2012,R1W6,W06,W11,Cincinnati,Texas
2012,R1W7,W07,W10,Gonzaga,West Virginia
2012,R1W8,W08,W09,Kansas St.,Southern Miss
2012,R1X1,X01,X16,North Carolina,
2012,R1X2,X02,X15,Kansas,Detroit
2012,R1X3,X03,X14,Georgetown,Belmont
2012,R1X4,X04,X13,Michigan,Ohio
2012,R1X5,X05,X12,Temple,
2012,R1X6,X06,X11,San Diego St.,NC State
2012,R1X7,X07,X10,Saint Mary's,Purdue
2012,R1X8,X08,X09,Creighton,Alabama
2012,R1Y1,Y01,Y16,Kentucky,
2012,R1Y2,Y02,Y15,Duke,Lehigh
2012,R1Y3,Y03,Y14,Baylor,S Dakota St.
2012,R1Y4,Y04,Y13,Indiana,New Mexico St.
2012,R1Y5,Y05,Y12,Wichita St.,VCU
2012,R1Y6,Y06,Y11,UNLV,Colorado
2012,R1Y7,Y07,Y10,Notre Dame,Xavier
2012,R1Y8,Y08,Y09,Iowa St.,Connecticut
2012,R1Z1,Z01,Z16,Michigan St.,LIU Brooklyn
2012,R1Z2,Z02,Z15,Missouri,Norfolk St.
2012,R1Z3,Z03,Z14,Marquette,
2012,R1Z4,Z04,Z13,Louisville,Davidson
2012,R1Z5,Z05,Z12,New Mexico,Long Beach St.
2012,R1Z6,Z06,Z11,Murray St.,Colorado St.
2012,R1Z7,Z07,Z10,Florida,Virginia
2012,R1Z8,Z08,Z09,Memphis,Saint Louis
2012,R2W1,R1W1,R1W8,Syracuse,Kansas St.
2012,R2W2,R1W2,R1W7,Ohio St.,Gonzaga
2012,R2W3,R1W3,R1W6,Florida St.,Cincinnati
2012,R2W4,R1W4,R1W5,Wisconsin,Vanderbilt
2012,R2X1,R1X1,R1X8,,
2012,R2X2,R1X2,R1X7,Kansas,Purdue
2012,R2X3,R1X3,R1X6,Georgetown,NC State
2012,R2X4,R1X4,R1X5,,
2012,R2Y1,R1Y1,R1Y8,,
2012,R2Y2,R1Y2,R1Y7,Xavier,Lehigh
2012,R2Y3,R1Y3,R1Y6,Baylor,Colorado
2012,R2Y4,R1Y4,R1Y5,Indiana,VCU
2012,R2Z1,R1Z1,R1Z8,Michigan St.,Saint Louis
2012,R2Z2,R1Z2,R1Z7,Florida,Norfolk St.
2012,R2Z3,R1Z3,R1Z6,,
2012,R2Z4,R1Z4,R1Z5,Louisville,New Mexico
2012,R3W1,R2W1,R2W4,Syracuse,Wisconsin
2012,R3W2,R2W2,R2W3,Ohio St.,Cincinnati
2012,R3X1,R2X1,R2X4,,
2012,R3X2,R2X2,R2X3,Kansas,NC State
2012,R3Y1,R2Y1,R2Y4,,
2012,R3Y2,R2Y2,R2Y3,Baylor,Xavier
2012,R3Z1,R2Z1,R2Z4,Michigan St.,Louisville
2012,R3Z2,R2Z2,R2Z3,,
2012,R4W1,R3W1,R3W2,Syracuse,Ohio St.
2012,R4X1,R3X1,R3X2,,
2012,R4Y1,R3Y1,R3Y2,,
2012,R4Z1,R3Z1,R3Z2,,
2012,R5WX,R4W1,R4X1,,
2012,R5YZ,R4Y1,R4Z1,,
2012,R6CH,R5WX,R5YZ,,
2012,X12,X12a,X12b,California,South Florida
2012,X16,X16a,X16b,Lamar,Vermont
2012,Y16,Y16a,Y16b,MS Valley St.,WKU
2012,Z14,Z14a,Z14b,BYU,Iona
2013,R1W1,W01,W16,Indiana,
2013,R1W2,W02,W15,Miami FL,Pacific
2013,R1W3,W03,W14,Marquette,Davidson
2013,R1W4,W04,W13,Syracuse,Montana
2013,R1W5,W05,W12,UNLV,California
2013,R1W6,W06,W11,Butler,Bucknell
2013,R1W7,W07,W10,Illinois,Colorado
2013,R1W8,W08,W09,NC State,Temple
2013,R1X1,X01,X16,Kansas,WKU
2013,R1X2,X02,X15,Georgetown,FGCU
2013,R1X3,X03,X14,Florida,Northwestern LA
2013,R1X4,X04,X13,Michigan,S Dakota St.
2013,R1X5,X05,X12,VCU,Akron
2013,R1X6,X06,X11,UCLA,Minnesota
2013,R1X7,X07,X10,San Diego St.,Oklahoma
2013,R1X8,X08,X09,North Carolina,Villanova
2013,R1Y1,Y01,Y16,Louisville,
2013,R1Y2,Y02,Y15,Duke,SUNY Albany
2013,R1Y3,Y03,Y14,Michigan St.,Valparaiso
2013,R1Y4,Y04,Y13,Saint Louis,New Mexico St.
2013,R1Y5,Y05,Y12,Oklahoma St.,Oregon
2013,R1Y6,Y06,Y11,Memphis,
2013,R1Y7,Y07,Y10,Creighton,Cincinnati
2013,R1Y8,Y08,Y09,Colorado St.,Missouri
2013,R1Z1,Z01,Z16,Gonzaga,Southern Univ
2013,R1Z2,Z02,Z15,Ohio St.,Iona
2013,R1Z3,Z03,Z14,New Mexico,Harvard
2013,R1Z4,Z04,Z13,Kansas St.,
2013,R1Z5,Z05,Z12,Wisconsin,Mississippi
2013,R1Z6,Z06,Z11,Arizona,Belmont
2013,R1Z7,Z07,Z10,Notre Dame,Iowa St.
2013,R1Z8,Z08,Z09,Pittsburgh,Wichita St.
2013,R2W1,R1W1,R1W8,,
2013,R2W2,R1W2,R1W7,Miami FL,Illinois
2013,R2W3,R1W3,R1W6,Marquette,Butler
2013,R2W4,R1W4,R1W5,Syracuse,California
2013,R2X1,R1X1,R1X8,Kansas,North Carolina
2013,R2X2,R1X2,R1X7,San Diego St.,FGCU
2013,R2X3,R1X3,R1X6,Florida,Minnesota
2013,R2X4,R1X4,R1X5,Michigan,VCU
2013,R2Y1,R1Y1,R1Y8,,
2013,R2Y2,R1Y2,R1Y7,Duke,Creighton
2013,R2Y3,R1Y3,R1Y6,,
2013,R2Y4,R1Y4,R1Y5,Saint Louis,Oregon
2013,R2Z1,R1Z1,R1Z8,Gonzaga,Wichita St.
2013,R2Z2,R1Z2,R1Z7,Ohio St.,Iowa St.
2013,R2Z3,R1Z3,R1Z6,Arizona,Harvard
2013,R2Z4,R1Z4,R1Z5,,
2013,R3W1,R2W1,R2W4,,
2013,R3W2,R2W2,R2W3,Miami FL,Marquette
2013,R3X1,R2X1,R2X4,Kansas,Michigan
2013,R3X2,R2X2,R2X3,Florida,FGCU
2013,R3Y1,R2Y1,R2Y4,,
2013,R3Y2,R2Y2,R2Y3,,
2013,R3Z1,R2Z1,R2Z4,,
2013,R3Z2,R2Z2,R2Z3,Ohio St.,Arizona
2013,R4W1,R3W1,R3W2,,
2013,R4X1,R3X1,R3X2,Florida,Michigan
2013,R4Y1,R3Y1,R3Y2,,
2013,R4Z1,R3Z1,R3Z2,,
2013,R5WX,R4W1,R4X1,,
2013,R5YZ,R4Y1,R4Z1,,
2013,R6CH,R5WX,R5YZ,,
2013,W16,W16a,W16b,James Madison,LIU Brooklyn
2013,Y11,Y11a,Y11b,MTSU,Saint Mary's
2013,Y16,Y16a,Y16b,Liberty,NC A&T
2013,Z13,Z13a,Z13b,Boise St.,La Salle
2014,R1W1,W01,W16,Virginia,Coastal Car
2014,R1W2,W02,W15,Villanova,WI Milwaukee
2014,R1W3,W03,W14,Iowa St.,NC Central
2014,R1W4,W04,W13,Michigan St.,Delaware
2014,R1W5,W05,W12,Cincinnati,Harvard
2014,R1W6,W06,W11,North Carolina,Providence
2014,R1W7,W07,W10,Connecticut,Saint Joseph's
2014,R1W8,W08,W09,Memphis,G Washington
2014,R1X1,X01,X16,Florida,
2014,R1X2,X02,X15,Kansas,E Kentucky
2014,R1X3,X03,X14,Syracuse,W Michigan
2014,R1X4,X04,X13,UCLA,Tulsa
2014,R1X5,X05,X12,VCU,SF Austin
2014,R1X6,X06,X11,Ohio St.,Dayton
2014,R1X7,X07,X10,New Mexico,Stanford
2014,R1X8,X08,X09,Colorado,Pittsburgh
2014,R1Y1,Y01,Y16,Wichita St.,
2014,R1Y2,Y02,Y15,Michigan,Wofford
2014,R1Y3,Y03,Y14,Duke,Mercer
2014,R1Y4,Y04,Y13,Louisville,Manhattan
2014,R1Y5,Y05,Y12,Saint Louis,
2014,R1Y6,Y06,Y11,Massachusetts,
2014,R1Y7,Y07,Y10,Texas,Arizona St.
2014,R1Y8,Y08,Y09,Kentucky,Kansas St.
2014,R1Z1,Z01,Z16,Arizona,Weber St.
2014,R1Z2,Z02,Z15,Wisconsin,American Univ
2014,R1Z3,Z03,Z14,Creighton,Louisiana
2014,R1Z4,Z04,Z13,San Diego St.,New Mexico St.
2014,R1Z5,Z05,Z12,Oklahoma,N Dakota St.
2014,R1Z6,Z06,Z11,Baylor,Nebraska
2014,R1Z7,Z07,Z10,Oregon,BYU
2014,R1Z8,Z08,Z09,Gonzaga,Oklahoma St.
2014,R2W1,R1W1,R1W8,Virginia,Memphis
2014,R2W2,R1W2,R1W7,Villanova,Connecticut
2014,R2W3,R1W3,R1W6,Iowa St.,North Carolina
2014,R2W4,R1W4,R1W5,Michigan St.,Harvard
2014,R2X1,R1X1,R1X8,,
2014,R2X2,R1X2,R1X7,Kansas,Stanford
2014,R2X3,R1X3,R1X6,Syracuse,Dayton
2014,R2X4,R1X4,R1X5,UCLA,SF Austin
2014,R2Y1,R1Y1,R1Y8,,
2014,R2Y2,R1Y2,R1Y7,Michigan,Texas
2014,R2Y3,R1Y3,R1Y6,,
2014,R2Y4,R1Y4,R1Y5,,
2014,R2Z1,R1Z1,R1Z8,Arizona,Gonzaga
2014,R2Z2,R1Z2,R1Z7,Wisconsin,Oregon
2014,R2Z3,R1Z3,R1Z6,Creighton,Baylor
2014,R2Z4,R1Z4,R1Z5,San Diego St.,N Dakota St.
2014,R3W1,R2W1,R2W4,Virginia,Michigan St.
2014,R3W2,R2W2,R2W3,Iowa St.,Connecticut
2014,R3X1,R2X1,R2X4,,
2014,R3X2,R2X2,R2X3,Stanford,Dayton
2014,R3Y1,R2Y1,R2Y4,,
2014,R3Y2,R2Y2,R2Y3,,
2014,R3Z1,R2Z1,R2Z4,Arizona,San Diego St.
2014,R3Z2,R2Z2,R2Z3,Wisconsin,Baylor
2014,R4W1,R3W1,R3W2,Michigan St.,Connecticut
2014,R4X1,R3X1,R3X2,,
2014,R4Y1,R3Y1,R3Y2,,
2014,R4Z1,R3Z1,R3Z2,Arizona,Wisconsin
2014,R5WX,R4W1,R4X1,,
2014,R5YZ,R4Y1,R4Z1,,
2014,R6CH,R5WX,R5YZ,,
2014,X16,X16a,X16b,SUNY Albany,Mt St. Mary's
2014,Y11,Y11a,Y11b,Iowa,Tennessee
2014,Y12,Y12a,Y12b,NC State,Xavier
2014,Y16,Y16a,Y16b,Cal Poly,TX Southern
2015,R1W1,W01,W16,Villanova,Lafayette
2015,R1W2,W02,W15,Virginia,Belmont
2015,R1W3,W03,W14,Oklahoma,SUNY Albany
2015,R1W4,W04,W13,Louisville,UC Irvine
2015,R1W5,W05,W12,Northern Iowa,Wyoming
2015,R1W6,W06,W11,Providence,
2015,R1W7,W07,W10,Michigan St.,Georgia
2015,R1W8,W08,W09,NC State,LSU
2015,R1X1,X01,X16,Duke,
2015,R1X2,X02,X15,Gonzaga,N Dakota St.
2015,R1X3,X03,X14,Iowa St.,UAB
2015,R1X4,X04,X13,Georgetown,E Washington
2015,R1X5,X05,X12,Utah,SF Austin
2015,R1X6,X06,X11,SMU,UCLA
2015,R1X7,X07,X10,Iowa,Davidson
2015,R1X8,X08,X09,San Diego St.,St. John's
2015,R1Y1,Y01,Y16,Kentucky,
2015,R1Y2,Y02,Y15,Kansas,New Mexico St.
2015,R1Y3,Y03,Y14,Notre Dame,Northeastern
2015,R1Y4,Y04,Y13,Maryland,Valparaiso
2015,R1Y5,Y05,Y12,West Virginia,Buffalo
2015,R1Y6,Y06,Y11,Butler,Texas
2015,R1Y7,Y07,Y10,Wichita St.,Indiana
2015,R1Y8,Y08,Y09,Cincinnati,Purdue
2015,R1Z1,Z01,Z16,Wisconsin,Coastal Car
2015,R1Z2,Z02,Z15,Arizona,TX Southern
2015,R1Z3,Z03,Z14,Baylor,Georgia St.
2015,R1Z4,Z04,Z13,North Carolina,Harvard
2015,R1Z5,Z05,Z12,Arkansas,Wofford
2015,R1Z6,Z06,Z11,Xavier,
2015,R1Z7,Z07,Z10,VCU,Ohio St.
2015,R1Z8,Z08,Z09,Oregon,Oklahoma St.
2015,R2W1,R1W1,R1W8,Villanova,NC State
2015,R2W2,R1W2,R1W7,Virginia,Michigan St.
2015,R2W3,R1W3,R1W6,,
2015,R2W4,R1W4,R1W5,Louisville,Northern Iowa
2015,R2X1,R1X1,R1X8,,
2015,R2X2,R1X2,R1X7,Gonzaga,Iowa
2015,R2X3,R1X3,R1X6,UCLA,UAB
2015,R2X4,R1X4,R1X5,Georgetown,Utah
2015,R2Y1,R1Y1,R1Y8,,
2015,R2Y2,R1Y2,R1Y7,Kansas,Wichita St.
2015,R2Y3,R1Y3,R1Y6,Notre Dame,Butler
2015,R2Y4,R1Y4,R1Y5,Maryland,West Virginia
2015,R2Z1,R1Z1,R1Z8,Wisconsin,Oregon
2015,R2Z2,R1Z2,R1Z7,Arizona,Ohio St.
2015,R2Z3,R1Z3,R1Z6,,
2015,R2Z4,R1Z4,R1Z5,North Carolina,Arkansas
2015,R3W1,R2W1,R2W4,Louisville,NC State
2015,R3W2,R2W2,R2W3,,
2015,R3X1,R2X1,R2X4,,
2015,R3X2,R2X2,R2X3,Gonzaga,UCLA
2015,R3Y1,R2Y1,R2Y4,,
2015,R3Y2,R2Y2,R2Y3,Notre Dame,Wichita St.
2015,R3Z1,R2Z1,R2Z4,Wisconsin,North Carolina
2015,R3Z2,R2Z2,R2Z3,,
2015,R4W1,R3W1,R3W2,,
2015,R4X1,R3X1,R3X2,,
2015,R4Y1,R3Y1,R3Y2,,
2015,R4Z1,R3Z1,R3Z2,,
2015,R5WX,R4W1,R4X1,,
2015,R5YZ,R4Y1,R4Z1,,
2015,R6CH,R5WX,R5YZ,,
2015,W11,W11a,W11b,Boise St.,Dayton
2015,X16,X16a,X16b,North Florida,Robert Morris
2015,Y16,Y16a,Y16b,Hampton,Manhattan
2015,Z11,Z11a,Z11b,BYU,Mississippi
2016,R1W1,W01,W16,North Carolina,
2016,R1W2,W02,W15,Xavier,Weber St.
2016,R1W3,W03,W14,West Virginia,SF Austin
2016,R1W4,W04,W13,Kentucky,Stony Brook
2016,R1W5,W05,W12,Indiana,Chattanooga
2016,R1W6,W06,W11,Notre Dame,
2016,R1W7,W07,W10,Wisconsin,Pittsburgh
2016,R1W8,W08,W09,USC,Providence
2016,R1X1,X01,X16,Virginia,Hampton
2016,R1X2,X02,X15,Michigan St.,MTSU
2016,R1X3,X03,X14,Utah,Fresno St.
2016,R1X4,X04,X13,Iowa St.,Iona
2016,R1X5,X05,X12,Purdue,Ark Little Rock
2016,R1X6,X06,X11,Seton Hall,Gonzaga
2016,R1X7,X07,X10,Dayton,Syracuse
2016,R1X8,X08,X09,Texas Tech,Butler
2016,R1Y1,Y01,Y16,Kansas,Austin Peay
2016,R1Y2,Y02,Y15,Villanova,UNC Asheville
2016,R1Y3,Y03,Y14,Miami FL,Buffalo
2016,R1Y4,Y04,Y13,California,Hawaii
2016,R1Y5,Y05,Y12,Maryland,S Dakota St.
2016,R1Y6,Y06,Y11,Arizona,
2016,R1Y7,Y07,Y10,Iowa,Temple
2016,R1Y8,Y08,Y09,Colorado,Connecticut
2016,R1Z1,Z01,Z16,Oregon,
2016,R1Z2,Z02,Z15,Oklahoma,CS Bakersfield
2016,R1Z3,Z03,Z14,Texas A&M,WI Green Bay
2016,R1Z4,Z04,Z13,Duke,UNC Wilmington
2016,R1Z5,Z05,Z12,Baylor,Yale
2016,R1Z6,Z06,Z11,Texas,Northern Iowa
2016,R1Z7,Z07,Z10,Oregon St.,VCU
2016,R1Z8,Z08,Z09,Saint Joseph's,Cincinnati
2016,R2W1,R1W1,R1W8,,
2016,R2W2,R1W2,R1W7,Xavier,Wisconsin
2016,R2W3,R1W3,R1W6,,
2016,R2W4,R1W4,R1W5,Kentucky,Indiana
2016,R2X1,R1X1,R1X8,Virginia,Butler
2016,R2X2,R1X2,R1X7,Syracuse,MTSU
2016,R2X3,R1X3,R1X6,Utah,Gonzaga
2016,R2X4,R1X4,R1X5,Iowa St.,Ark Little Rock
2016,R2Y1,R1Y1,R1Y8,Kansas,Connecticut
2016,R2Y2,R1Y2,R1Y7,Villanova,Iowa
2016,R2Y3,R1Y3,R1Y6,,
2016,R2Y4,R1Y4,R1Y5,Maryland,Hawaii
2016,R2Z1,R1Z1,R1Z8,,
2016,R2Z2,R1Z2,R1Z7,Oklahoma,VCU
2016,R2Z3,R1Z3,R1Z6,Texas A&M,Northern Iowa
2016,R2Z4,R1Z4,R1Z5,Duke,Yale
2016,R3W1,R2W1,R2W4,,
2016,R3W2,R2W2,R2W3,,
2016,R3X1,R2X1,R2X4,Virginia,Iowa St.
2016,R3X2,R2X2,R2X3,Syracuse,Gonzaga
2016,R3Y1,R2Y1,R2Y4,Kansas,Maryland
2016,R3Y2,R2Y2,R2Y3,,
2016,R3Z1,R2Z1,R2Z4,,
2016,R3Z2,R2Z2,R2Z3,Oklahoma,Texas A&M
2016,R4W1,R3W1,R3W2,,
2016,R4X1,R3X1,R3X2,Virginia,Syracuse
2016,R4Y1,R3Y1,R3Y2,,
2016,R4Z1,R3Z1,R3Z2,,
2016,R5WX,R4W1,R4X1,,
2016,R5YZ,R4Y1,R4Z1,,
2016,R6CH,R5WX,R5YZ,,
2016,W11,W11a,W11b,Michigan,Tulsa
2016,W16,W16a,W16b,F Dickinson,FGCU
2016,Y11,Y11a,Y11b,Vanderbilt,Wichita St.
2016,Z16,Z16a,Z16b,Holy Cross,Southern Univ
2017,R1W1,W01,W16,Villanova,
2017,R1W2,W02,W15,Duke,Troy
2017,R1W3,W03,W14,Baylor,New Mexico St.
2017,R1W4,W04,W13,Florida,ETSU
2017,R1W5,W05,W12,Virginia,UNC Wilmington
2017,R1W6,W06,W11,SMU,
2017,R1W7,W07,W10,South Carolina,Marquette
2017,R1W8,W08,W09,Wisconsin,Virginia Tech
2017,R1X1,X01,X16,Gonzaga,S Dakota St.
2017,R1X2,X02,X15,Arizona,North Dakota
2017,R1X3,X03,X14,Florida St.,FGCU
2017,R1X4,X04,X13,West Virginia,Bucknell
2017,R1X5,X05,X12,Notre Dame,Princeton
2017,R1X6,X06,X11,Maryland,Xavier
2017,R1X7,X07,X10,Saint Mary's,VCU
2017,R1X8,X08,X09,Northwestern,Vanderbilt
2017,R1Y1,Y01,Y16,Kansas,
2017,R1Y2,Y02,Y15,Louisville,Jacksonville St.
2017,R1Y3,Y03,Y14,Oregon,Iona
2017,R1Y4,Y04,Y13,Purdue,Vermont
2017,R1Y5,Y05,Y12,Iowa St.,Nevada
2017,R1Y6,Y06,Y11,Creighton,Rhode Island
2017,R1Y7,Y07,Y10,Michigan,Oklahoma St.
2017,R1Y8,Y08,Y09,Miami FL,Michigan St.
2017,R1Z1,Z01,Z16,North Carolina,TX Southern
2017,R1Z2,Z02,Z15,Kentucky,N Kentucky
2017,R1Z3,Z03,Z14,UCLA,Kent
2017,R1Z4,Z04,Z13,Butler,Winthrop
2017,R1Z5,Z05,Z12,Minnesota,MTSU
2017,R1Z6,Z06,Z11,Cincinnati,
2017,R1Z7,Z07,Z10,Dayton,Wichita St.
2017,R1Z8,Z08,Z09,Arkansas,Seton Hall
2017,R2W1,R1W1,R1W8,,
2017,R2W2,R1W2,R1W7,Duke,South Carolina
2017,R2W3,R1W3,R1W6,,
2017,R2W4,R1W4,R1W5,Florida,Virginia
2017,R2X1,R1X1,R1X8,Gonzaga,Northwestern
2017,R2X2,R1X2,R1X7,Arizona,Saint Mary's
2017,R2X3,R1X3,R1X6,Florida St.,Xavier
2017,R2X4,R1X4,R1X5,West Virginia,Notre Dame
2017,R2Y1,R1Y1,R1Y8,,
2017,R2Y2,R1Y2,R1Y7,Louisville,Michigan
2017,R2Y3,R1Y3,R1Y6,Oregon,Rhode Island
2017,R2Y4,R1Y4,R1Y5,Purdue,Iowa St.
2017,R2Z1,R1Z1,R1Z8,North Carolina,Arkansas
2017,R2Z2,R1Z2,R1Z7,Kentucky,Wichita St.
2017,R2Z3,R1Z3,R1Z6,,
2017,R2Z4,R1Z4,R1Z5,Butler,MTSU
2017,R3W1,R2W1,R2W4,,
2017,R3W2,R2W2,R2W3,,
2017,R3X1,R2X1,R2X4,Gonzaga,West Virginia
2017,R3X2,R2X2,R2X3,Arizona,Xavier
2017,R3Y1,R2Y1,R2Y4,,
2017,R3Y2,R2Y2,R2Y3,Oregon,Michigan
2017,R3Z1,R2Z1,R2Z4,North Carolina,Butler
2017,R3Z2,R2Z2,R2Z3,,
2017,R4W1,R3W1,R3W2,,
2017,R4X1,R3X1,R3X2,Gonzaga,Xavier
2017,R4Y1,R3Y1,R3Y2,,
2017,R4Z1,R3Z1,R3Z2,,
2017,R5WX,R4W1,R4X1,,
2017,R5YZ,R4Y1,R4Z1,,
2017,R6CH,R5WX,R5YZ,,
2017,W11,W11a,W11b,Providence,USC
2017,W16,W16a,W16b,Mt St. Mary's,New Orleans
2017,Y16,Y16a,Y16b,NC Central,UC Davis
2017,Z11,Z11a,Z11b,Kansas St.,Wake Forest
2018,R1W1,W01,W16,Villanova,
2018,R1W2,W02,W15,Purdue,CS Fullerton
2018,R1W3,W03,W14,Texas Tech,SF Austin
2018,R1W4,W04,W13,Wichita St.,Marshall
2018,R1W5,W05,W12,West Virginia,Murray St.
2018,R1W6,W06,W11,Florida,
2018,R1W7,W07,W10,Arkansas,Butler
2018,R1W8,W08,W09,Virginia Tech,Alabama
2018,R1X1,X01,X16,Kansas,Penn
2018,R1X2,X02,X15,Duke,Iona
2018,R1X3,X03,X14,Michigan St.,Bucknell
2018,R1X4,X04,X13,Auburn,Col Charleston
2018,R1X5,X05,X12,Clemson,New Mexico St.
2018,R1X6,X06,X11,TCU,
2018,R1X7,X07,X10,Rhode Island,Oklahoma
2018,R1X8,X08,X09,Seton Hall,NC State
2018,R1Y1,Y01,Y16,Virginia,UMBC
2018,R1Y2,Y02,Y15,Cincinnati,Georgia St.
2018,R1Y3,Y03,Y14,Tennessee,Wright St.
2018,R1Y4,Y04,Y13,Arizona,Buffalo
2018,R1Y5,Y05,Y12,Kentucky,Davidson
2018,R1Y6,Y06,Y11,Miami FL,Loyola-Chicago
2018,R1Y7,Y07,Y10,Nevada,Texas
2018,R1Y8,Y08,Y09,Creighton,Kansas St.
2018,R1Z1,Z01,Z16,Xavier,
2018,R1Z2,Z02,Z15,North Carolina,Lipscomb
2018,R1Z3,Z03,Z14,Michigan,Montana
2018,R1Z4,Z04,Z13,Gonzaga,UNC Greensboro
2018,R1Z5,Z05,Z12,Ohio St.,S Dakota St.
2018,R1Z6,Z06,Z11,Houston,San Diego St.
2018,R1Z7,Z07,Z10,Texas A&M,Providence
2018,R1Z8,Z08,Z09,Missouri,Florida St.
2018,R2W1,R1W1,R1W8,,
2018,R2W2,R1W2,R1W7,Purdue,Butler
2018,R2W3,R1W3,R1W6,,
2018,R2W4,R1W4,R1W5,West Virginia,Marshall
2018,R2X1,R1X1,R1X8,Kansas,Seton Hall
2018,R2X2,R1X2,R1X7,Duke,Rhode Island
2018,R2X3,R1X3,R1X6,,
2018,R2X4,R1X4,R1X5,Auburn,Clemson
2018,R2Y1,R1Y1,R1Y8,Kansas St.,UMBC
2018,R2Y2,R1Y2,R1Y7,Cincinnati,Nevada
2018,R2Y3,R1Y3,R1Y6,Tennessee,Loyola-Chicago
2018,R2Y4,R1Y4,R1Y5,Kentucky,Buffalo
2018,R2Z1,R1Z1,R1Z8,,
2018,R2Z2,R1Z2,R1Z7,North Carolina,Texas A&M
2018,R2Z3,R1Z3,R1Z6,Michigan,Houston
2018,R2Z4,R1Z4,R1Z5,Gonzaga,Ohio St.
2018,R3W1,R2W1,R2W4,,
2018,R3W2,R2W2,R2W3,,
2018,R3X1,R2X1,R2X4,Kansas,Clemson
2018,R3X2,R2X2,R2X3,,
2018,R3Y1,R2Y1,R2Y4,Kentucky,Kansas St.
2018,R3Y2,R2Y2,R2Y3,Nevada,Loyola-Chicago
2018,R3Z1,R2Z1,R2Z4,,
2018,R3Z2,R2Z2,R2Z3,Michigan,Texas A&M
2018,R4W1,R3W1,R3W2,,
2018,R4X1,R3X1,R3X2,,
2018,R4Y1,R3Y1,R3Y2,Kansas St.,Loyola-Chicago
2018,R4Z1,R3Z1,R3Z2,,
2018,R5WX,R4W1,R4X1,,
2018,R5YZ,R4Y1,R4Z1,,
2018,R6CH,R5WX,R5YZ,,
2018,W11,W11a,W11b,St. Bonaventure,UCLA
2018,W16,W16a,W16b,LIU Brooklyn,Radford
2018,X11,X11a,X11b,Arizona St.,Syracuse
2018,Z16,Z16a,Z16b,NC Central,TX Southern
2019,R1W1,W01,W16,Duke,
2019,R1W2,W02,W15,Michigan St.,Bradley
2019,R1W3,W03,W14,LSU,Yale
2019,R1W4,W04,W13,Virginia Tech,Saint Louis
2019,R1W5,W05,W12,Mississippi St.,Liberty
2019,R1W6,W06,W11,Maryland,
2019,R1W7,W07,W10,Louisville,Minnesota
2019,R1W8,W08,W09,VCU,UCF
2019,R1X1,X01,X16,Gonzaga,
2019,R1X2,X02,X15,Michigan,Montana
2019,R1X3,X03,X14,Texas Tech,N Kentucky
2019,R1X4,X04,X13,Florida St.,Vermont
2019,R1X5,X05,X12,Marquette,Murray St.
2019,R1X6,X06,X11,Buffalo,
2019,R1X7,X07,X10,Nevada,Florida
2019,R1X8,X08,X09,Syracuse,Baylor
2019,R1Y1,Y01,Y16,North Carolina,Iona
2019,R1Y2,Y02,Y15,Kentucky,Abilene Chr
2019,R1Y3,Y03,Y14,Houston,Georgia St.
2019,R1Y4,Y04,Y13,Kansas,Northeastern
2019,R1Y5,Y05,Y12,Auburn,New Mexico St.
2019,R1Y6,Y06,Y11,Iowa St.,Ohio St.
2019,R1Y7,Y07,Y10,Wofford,Seton Hall
2019,R1Y8,Y08,Y09,Utah St.,Washington
2019,R1Z1,Z01,Z16,Virginia,Gardner Webb
2019,R1Z2,Z02,Z15,Tennessee,Colgate
2019,R1Z3,Z03,Z14,Purdue,Old Dominion
2019,R1Z4,Z04,Z13,Kansas St.,UC Irvine
2019,R1Z5,Z05,Z12,Wisconsin,Oregon
2019,R1Z6,Z06,Z11,Villanova,Saint Mary's
2019,R1Z7,Z07,Z10,Cincinnati,Iowa
2019,R1Z8,Z08,Z09,Mississippi,Oklahoma
2019,R2W1,R1W1,R1W8,,
2019,R2W2,R1W2,R1W7,Michigan St.,Minnesota
2019,R2W3,R1W3,R1W6,,
2019,R2W4,R1W4,R1W5,Virginia Tech,Liberty
2019,R2X1,R1X1,R1X8,,
2019,R2X2,R1X2,R1X7,Michigan,Florida
2019,R2X3,R1X3,R1X6,,
2019,R2X4,R1X4,R1X5,Florida St.,Murray St.
2019,R2Y1,R1Y1,R1Y8,North Carolina,Washington
2019,R2Y2,R1Y2,R1Y7,Kentucky,Wofford
2019,R2Y3,R1Y3,R1Y6,Houston,Ohio St.
2019,R2Y4,R1Y4,R1Y5,Kansas,Auburn
2019,R2Z1,R1Z1,R1Z8,Virginia,Oklahoma
2019,R2Z2,R1Z2,R1Z7,Tennessee,Iowa
2019,R2Z3,R1Z3,R1Z6,Purdue,Villanova
2019,R2Z4,R1Z4,R1Z5,Oregon,UC Irvine
2019,R3W1,R2W1,R2W4,,
2019,R3W2,R2W2,R2W3,,
2019,R3X1,R2X1,R2X4,,
2019,R3X2,R2X2,R2X3,,
2019,R3Y1,R2Y1,R2Y4,North Carolina,Auburn
2019,R3Y2,R2Y2,R2Y3,Kentucky,Houston
2019,R3Z1,R2Z1,R2Z4,Virginia,Oregon
2019,R3Z2,R2Z2,R2Z3,Tennessee,Purdue
2019,R4W1,R3W1,R3W2,,
2019,R4X1,R3X1,R3X2,,
2019,R4Y1,R3Y1,R3Y2,Kentucky,Auburn
2019,R4Z1,R3Z1,R3Z2,Virginia,Purdue
2019,R5WX,R4W1,R4X1,,
2019,R5YZ,R4Y1,R4Z1,Virginia,Auburn
2019,R6CH,R5WX,R5YZ,,
2019,W11,W11a,W11b,Belmont,Temple
2019,W16,W16a,W16b,N Dakota St.,NC Central
2019,X11,X11a,X11b,Arizona St.,St. John's
2019,X16,X16a,X16b,F Dickinson,Prairie View
2021,R1W1,W01,W16,Michigan,
2021,R1W2,W02,W15,Alabama,Iona
2021,R1W3,W03,W14,Texas,Abilene Chr
2021,R1W4,W04,W13,Florida St.,UNC Greensboro
2021,R1W5,W05,W12,Colorado,Georgetown
2021,R1W6,W06,W11,BYU,
2021,R1W7,W07,W10,Connecticut,Maryland
2021,R1W8,W08,W09,LSU,St. Bonaventure
2021,R1X1,X01,X16,Gonzaga,
2021,R1X2,X02,X15,Iowa,Grand Canyon
2021,R1X3,X03,X14,Kansas,E Washington
2021,R1X4,X04,X13,Virginia,Ohio
2021,R1X5,X05,X12,Creighton,UC Santa Barbara
2021,R1X6,X06,X11,USC,
2021,R1X7,X07,X10,Oregon,VCU
2021,R1X8,X08,X09,Oklahoma,Missouri
2021,R1Y1,Y01,Y16,Illinois,Drexel
2021,R1Y2,Y02,Y15,Houston,Cleveland St.
2021,R1Y3,Y03,Y14,West Virginia,Morehead St.
2021,R1Y4,Y04,Y13,Oklahoma St.,Liberty
2021,R1Y5,Y05,Y12,Tennessee,Oregon St.
2021,R1Y6,Y06,Y11,San Diego St.,Syracuse
2021,R1Y7,Y07,Y10,Clemson,Rutgers
2021,R1Y8,Y08,Y09,Loyola-Chicago,Georgia Tech
2021,R1Z1,Z01,Z16,Baylor,Hartford
2021,R1Z2,Z02,Z15,Ohio St.,Oral Roberts
2021,R1Z3,Z03,Z14,Arkansas,Colgate
2021,R1Z4,Z04,Z13,Purdue,North Texas
2021,R1Z5,Z05,Z12,Villanova,Winthrop
2021,R1Z6,Z06,Z11,Texas Tech,Utah St.
2021,R1Z7,Z07,Z10,Florida,Virginia Tech
2021,R1Z8,Z08,Z09,North Carolina,Wisconsin
2021,R2W1,R1W1,R1W8,,
2021,R2W2,R1W2,R1W7,Alabama,Maryland
2021,R2W3,R1W3,R1W6,,
2021,R2W4,R1W4,R1W5,Florida St.,Colorado
2021,R2X1,R1X1,R1X8,,
2021,R2X2,R1X2,R1X7,,
2021,R2X3,R1X3,R1X6,,
2021,R2X4,R1X4,R1X5,Creighton,Ohio
2021,R2Y1,R1Y1,R1Y8,Illinois,Loyola-Chicago
2021,R2Y2,R1Y2,R1Y7,Houston,Rutgers
2021,R2Y3,R1Y3,R1Y6,West Virginia,Syracuse
2021,R2Y4,R1Y4,R1Y5,Oklahoma St.,Oregon St.
2021,R2Z1,R1Z1,R1Z8,Baylor,Wisconsin
2021,R2Z2,R1Z2,R1Z7,Florida,Oral Roberts
2021,R2Z3,R1Z3,R1Z6,Arkansas,Texas Tech
2021,R2Z4,R1Z4,R1Z5,Villanova,North Texas
2021,R3W1,R2W1,R2W4,,
2021,R3W2,R2W2,R2W3,,
2021,R3X1,R2X1,R2X4,,
2021,R3X2,R2X2,R2X3,,
2021,R3Y1,R2Y1,R2Y4,Loyola-Chicago,Oregon St.
2021,R3Y2,R2Y2,R2Y3,Houston,Syracuse
2021,R3Z1,R2Z1,R2Z4,Baylor,Villanova
2021,R3Z2,R2Z2,R2Z3,Arkansas,Oral Roberts
2021,R4W1,R3W1,R3W2,,
2021,R4X1,R3X1,R3X2,,
2021,R4Y1,R3Y1,R3Y2,Houston,Oregon St.
2021,R4Z1,R3Z1,R3Z2,Baylor,Arkansas
2021,R5WX,R4W1,R4X1,,
2021,R5YZ,R4Y1,R4Z1,Baylor,Houston
2021,R6CH,R5WX,R5YZ,,
2021,W11,W11a,W11b,Michigan St.,UCLA
2021,W16,W16a,W16b,Mt St. Mary's,TX Southern
2021,X11,X11a,X11b,Drake,Wichita St.
2021,X16,X16a,X16b,Appalachian St.,Norfolk St.
2022,R1W1,W01,W16,Baylor,Norfolk St.
2022,R1W2,W02,W15,Kentucky,Saint Peter's
2022,R1W3,W03,W14,Purdue,Yale
2022,R1W4,W04,W13,UCLA,Akron
2022,R1W5,W05,W12,Saint Mary's,
2022,R1W6,W06,W11,Texas,Virginia Tech
2022,R1W7,W07,W10,Murray St.,San Francisco
2022,R1W8,W08,W09,North Carolina,Marquette
2022,R1X1,X01,X16,Gonzaga,Georgia St.
2022,R1X2,X02,X15,Duke,CS Fullerton
2022,R1X3,X03,X14,Texas Tech,Montana St.
2022,R1X4,X04,X13,Arkansas,Vermont
2022,R1X5,X05,X12,Connecticut,New Mexico St.
2022,R1X6,X06,X11,Alabama,
2022,R1X7,X07,X10,Michigan St.,Davidson
2022,R1X8,X08,X09,Boise St.,Memphis
2022,R1Y1,Y01,Y16,Kansas,
2022,R1Y2,Y02,Y15,Auburn,Jacksonville St.
2022,R1Y3,Y03,Y14,Wisconsin,Colgate
2022,R1Y4,Y04,Y13,Providence,S Dakota St.
2022,R1Y5,Y05,Y12,Iowa,Richmond
2022,R1Y6,Y06,Y11,LSU,Iowa St.
2022,R1Y7,Y07,Y10,USC,Miami FL
2022,R1Y8,Y08,Y09,San Diego St.,Creighton
2022,R1Z1,Z01,Z16,Arizona,
2022,R1Z2,Z02,Z15,Villanova,Delaware
2022,R1Z3,Z03,Z14,Tennessee,Longwood
2022,R1Z4,Z04,Z13,Illinois,Chattanooga
2022,R1Z5,Z05,Z12,Houston,UAB
2022,R1Z6,Z06,Z11,Colorado St.,Michigan
2022,R1Z7,Z07,Z10,Ohio St.,Loyola-Chicago
2022,R1Z8,Z08,Z09,Seton Hall,TCU
2022,R2W1,R1W1,R1W8,Baylor,North Carolina
2022,R2W2,R1W2,R1W7,Murray St.,Saint Peter's
2022,R2W3,R1W3,R1W6,Purdue,Texas
2022,R2W4,R1W4,R1W5,,
2022,R2X1,R1X1,R1X8,Gonzaga,Memphis
2022,R2X2,R1X2,R1X7,Duke,Michigan St.
2022,R2X3,R1X3,R1X6,,
2022,R2X4,R1X4,R1X5,Arkansas,New Mexico St.
2022,R2Y1,R1Y1,R1Y8,,
2022,R2Y2,R1Y2,R1Y7,Auburn,Miami FL
2022,R2Y3,R1Y3,R1Y6,Wisconsin,Iowa St.
2022,R2Y4,R1Y4,R1Y5,Providence,Richmond
2022,R2Z1,R1Z1,R1Z8,,
2022,R2Z2,R1Z2,R1Z7,Villanova,Ohio St.
2022,R2Z3,R1Z3,R1Z6,Tennessee,Michigan
2022,R2Z4,R1Z4,R1Z5,Illinois,Houston
2022,R3W1,R2W1,R2W4,,
2022,R3W2,R2W2,R2W3,Purdue,Saint Peter's
2022,R3X1,R2X1,R2X4,Gonzaga,Arkansas
2022,R3X2,R2X2,R2X3,,
2022,R3Y1,R2Y1,R2Y4,,
2022,R3Y2,R2Y2,R2Y3,Miami FL,Iowa St.
2022,R3Z1,R2Z1,R2Z4,,
2022,R3Z2,R2Z2,R2Z3,Villanova,Michigan
2022,R4W1,R3W1,R3W2,,
2022,R4X1,R3X1,R3X2,,
2022,R4Y1,R3Y1,R3Y2,,
2022,R4Z1,R3Z1,R3Z2,,
2022,R5WX,R4W1,R4X1,,
2022,R5YZ,R4Y1,R4Z1,,
2022,R6CH,R5WX,R5YZ,,
2022,W12,W12a,W12b,Indiana,Wyoming
2022,X11,X11a,X11b,Notre Dame,Rutgers
2022,Y16,Y16a,Y16b,TAM C. Christi,TX Southern
2022,Z16,Z16a,Z16b,Bryant,Wright St.
2023,R1W1,W01,W16,Purdue,
2023,R1W2,W02,W15,Marquette,Vermont
2023,R1W3,W03,W14,Kansas St.,Montana St.
2023,R1W4,W04,W13,Tennessee,Louisiana
2023,R1W5,W05,W12,Duke,Oral Roberts
2023,R1W6,W06,W11,Kentucky,Providence
2023,R1W7,W07,W10,Michigan St.,USC
2023,R1W8,W08,W09,Memphis,FL Atlantic
2023,R1X1,X01,X16,Alabama,
2023,R1X2,X02,X15,Arizona,Princeton
2023,R1X3,X03,X14,Baylor,UC Santa Barbara
2023,R1X4,X04,X13,Virginia,Furman
2023,R1X5,X05,X12,San Diego St.,Col Charleston
2023,R1X6,X06,X11,Creighton,NC State
2023,R1X7,X07,X10,Missouri,Utah St.
2023,R1X8,X08,X09,Maryland,West Virginia
2023,R1Y1,Y01,Y16,Houston,N Kentucky
2023,R1Y2,Y02,Y15,Texas,Colgate
2023,R1Y3,Y03,Y14,Xavier,Kennesaw
2023,R1Y4,Y04,Y13,Indiana,Kent
2023,R1Y5,Y05,Y12,Miami FL,Drake
2023,R1Y6,Y06,Y11,Iowa St.,
2023,R1Y7,Y07,Y10,Texas A&M,Penn St.
2023,R1Y8,Y08,Y09,Iowa,Auburn
2023,R1Z1,Z01,Z16,Kansas,Howard
2023,R1Z2,Z02,Z15,UCLA,UNC Asheville
2023,R1Z3,Z03,Z14,Gonzaga,Grand Canyon
2023,R1Z4,Z04,Z13,Connecticut,Iona
2023,R1Z5,Z05,Z12,Saint Mary's,VCU
2023,R1Z6,Z06,Z11,TCU,
2023,R1Z7,Z07,Z10,Northwestern,Boise St.
2023,R1Z8,Z08,Z09,Arkansas,Illinois
2023,R2W1,R1W1,R1W8,,
2023,R2W2,R1W2,R1W7,Marquette,Michigan St.
2023,R2W3,R1W3,R1W6,Kansas St.,Kentucky
2023,R2W4,R1W4,R1W5,Tennessee,Duke
2023,R2X1,R1X1,R1X8,,
2023,R2X2,R1X2,R1X7,Missouri,Princeton
2023,R2X3,R1X3,R1X6,Baylor,Creighton
2023,R2X4,R1X4,R1X5,San Diego St.,Furman
2023,R2Y1,R1Y1,R1Y8,Houston,Auburn
2023,R2Y2,R1Y2,R1Y7,Texas,Penn St.
2023,R2Y3,R1Y3,R1Y6,,
2023,R2Y4,R1Y4,R1Y5,Indiana,Miami FL
2023,R2Z1,R1Z1,R1Z8,Kansas,Arkansas
2023,R2Z2,R1Z2,R1Z7,UCLA,Northwestern
2023,R2Z3,R1Z3,R1Z6,,
2023,R2Z4,R1Z4,R1Z5,Connecticut,Saint Mary's
2023,R3W1,R2W1,R2W4,,
2023,R3W2,R2W2,R2W3,Kansas St.,Michigan St.
2023,R3X1,R2X1,R2X4,,
2023,R3X2,R2X2,R2X3,Creighton,Princeton
2023,R3Y1,R2Y1,R2Y4,Houston,Miami FL
2023,R3Y2,R2Y2,R2Y3,,
2023,R3Z1,R2Z1,R2Z4,Connecticut,Arkansas
2023,R3Z2,R2Z2,R2Z3,,
2023,R4W1,R3W1,R3W2,,
2023,R4X1,R3X1,R3X2,,
2023,R4Y1,R3Y1,R3Y2,,
2023,R4Z1,R3Z1,R3Z2,,
2023,R5WX,R4W1,R4X1,,
2023,R5YZ,R4Y1,R4Z1,,
2023,R6CH,R5WX,R5YZ,,
2023,W16,W16a,W16b,F Dickinson,TX Southern
2023,X16,X16a,X16b,SE Missouri St.,TAM C. Christi
2023,Y11,Y11a,Y11b,Mississippi St.,Pittsburgh
2023,Z11,Z11a,Z11b,Arizona St.,Nevada
2024,R1W1,W01,W16,Connecticut,Stetson
2024,R1W2,W02,W15,Iowa St.,S Dakota St.
2024,R1W3,W03,W14,Illinois,Morehead St.
2024,R1W4,W04,W13,Auburn,Yale
2024,R1W5,W05,W12,San Diego St.,UAB
2024,R1W6,W06,W11,BYU,Duquesne
2024,R1W7,W07,W10,Washington St.,Drake
2024,R1W8,W08,W09,FL Atlantic,Northwestern
2024,R1X1,X01,X16,North Carolina,
2024,R1X2,X02,X15,Arizona,Long Beach St.
2024,R1X3,X03,X14,Baylor,Colgate
2024,R1X4,X04,X13,Alabama,Col Charleston
2024,R1X5,X05,X12,Saint Mary's,Grand Canyon
2024,R1X6,X06,X11,Clemson,New Mexico
2024,R1X7,X07,X10,Dayton,Nevada
2024,R1X8,X08,X09,Mississippi St.,Michigan St.
2024,R1Y1,Y01,Y16,Purdue,
2024,R1Y2,Y02,Y15,Tennessee,Saint Peter's
2024,R1Y3,Y03,Y14,Creighton,Akron
2024,R1Y4,Y04,Y13,Kansas,Samford
2024,R1Y5,Y05,Y12,Gonzaga,McNeese St.
2024,R1Y6,Y06,Y11,South Carolina,Oregon
2024,R1Y7,Y07,Y10,Texas,
2024,R1Y8,Y08,Y09,Utah St.,TCU
2024,R1Z1,Z01,Z16,Houston,Longwood
2024,R1Z2,Z02,Z15,Marquette,WKU
2024,R1Z3,Z03,Z14,Kentucky,Oakland
2024,R1Z4,Z04,Z13,Duke,Vermont
2024,R1Z5,Z05,Z12,Wisconsin,James Madison
2024,R1Z6,Z06,Z11,Texas Tech,NC State
2024,R1Z7,Z07,Z10,Florida,
2024,R1Z8,Z08,Z09,Nebraska,Texas A&M
2024,R2W1,R1W1,R1W8,Connecticut,Northwestern
2024,R2W2,R1W2,R1W7,Iowa St.,Washington St.
2024,R2W3,R1W3,R1W6,Illinois,Duquesne
2024,R2W4,R1W4,R1W5,San Diego St.,Yale
2024,R2X1,R1X1,R1X8,,
2024,R2X2,R1X2,R1X7,Arizona,Dayton
2024,R2X3,R1X3,R1X6,Baylor,Clemson
2024,R2X4,R1X4,R1X5,Alabama,Grand Canyon
2024,R2Y1,R1Y1,R1Y8,,
2024,R2Y2,R1Y2,R1Y7,,
2024,R2Y3,R1Y3,R1Y6,Creighton,Oregon
2024,R2Y4,R1Y4,R1Y5,Kansas,Gonzaga
2024,R2Z1,R1Z1,R1Z8,Houston,Texas A&M
2024,R2Z2,R1Z2,R1Z7,,
2024,R2Z3,R1Z3,R1Z6,NC State,Oakland
2024,R2Z4,R1Z4,R1Z5,Duke,James Madison
2024,R3W1,R2W1,R2W4,Connecticut,San Diego St.
2024,R3W2,R2W2,R2W3,Iowa St.,Illinois
2024,R3X1,R2X1,R2X4,,
2024,R3X2,R2X2,R2X3,Arizona,Clemson
2024,R3Y1,R2Y1,R2Y4,,
2024,R3Y2,R2Y2,R2Y3,,
2024,R3Z1,R2Z1,R2Z4,Houston,Duke
2024,R3Z2,R2Z2,R2Z3,,
2024,R4W1,R3W1,R3W2,Connecticut,Illinois
2024,R4X1,R3X1,R3X2,,
2024,R4Y1,R3Y1,R3Y2,,
2024,R4Z1,R3Z1,R3Z2,,
2024,R5WX,R4W1,R4X1,,
2024,R5YZ,R4Y1,R4Z1,,
2024,R6CH,R5WX,R5YZ,,
2024,X16,X16a,X16b,Howard,Wagner
2024,Y10,Y10a,Y10b,Colorado St.,Virginia
2024,Y16,Y16a,Y16b,Grambling,Montana St.
2024,Z10,Z10a,Z10b,Boise St.,Colorado
2025,R1W1,W01,W16,Duke,
2025,R1W2,W02,W15,Alabama,Robert Morris
2025,R1W3,W03,W14,Wisconsin,Montana
2025,R1W4,W04,W13,Arizona,Akron
2025,R1W5,W05,W12,Oregon,Liberty
2025,R1W6,W06,W11,BYU,VCU
2025,R1W7,W07,W10,Saint Mary's,Vanderbilt
2025,R1W8,W08,W09,Mississippi St.,Baylor
2025,R1X1,X01,X16,Houston,SIUE
2025,R1X2,X02,X15,Tennessee,Wofford
2025,R1X3,X03,X14,Kentucky,Troy
2025,R1X4,X04,X13,Purdue,High Point
2025,R1X5,X05,X12,Clemson,McNeese St.
2025,R1X6,X06,X11,Illinois,
2025,R1X7,X07,X10,UCLA,Utah St.
2025,R1X8,X08,X09,Gonzaga,Georgia
2025,R1Y1,Y01,Y16,Auburn,
2025,R1Y2,Y02,Y15,Michigan St.,Bryant
2025,R1Y3,Y03,Y14,Iowa St.,Lipscomb
2025,R1Y4,Y04,Y13,Texas A&M,Yale
2025,R1Y5,Y05,Y12,Michigan,UC San Diego
2025,R1Y6,Y06,Y11,Mississippi,
2025,R1Y7,Y07,Y10,Marquette,New Mexico
2025,R1Y8,Y08,Y09,Louisville,Creighton
2025,R1Z1,Z01,Z16,Florida,Norfolk St.
2025,R1Z2,Z02,Z15,St. John's,NE Omaha
2025,R1Z3,Z03,Z14,Texas Tech,UNC Wilmington
2025,R1Z4,Z04,Z13,Maryland,Grand Canyon
2025,R1Z5,Z05,Z12,Memphis,Colorado St.
2025,R1Z6,Z06,Z11,Missouri,Drake
2025,R1Z7,Z07,Z10,Kansas,Arkansas
2025,R1Z8,Z08,Z09,Connecticut,Oklahoma
2025,R2W1,R1W1,R1W8,,
2025,R2W2,R1W2,R1W7,,
2025,R2W3,R1W3,R1W6,,
2025,R2W4,R1W4,R1W5,,
2025,R2X1,R1X1,R1X8,,
2025,R2X2,R1X2,R1X7,,
2025,R2X3,R1X3,R1X6,,
2025,R2X4,R1X4,R1X5,,
2025,R2Y1,R1Y1,R1Y8,,
2025,R2Y2,R1Y2,R1Y7,,
2025,R2Y3,R1Y3,R1Y6,,
2025,R2Y4,R1Y4,R1Y5,,
2025,R2Z1,R1Z1,R1Z8,,
2025,R2Z2,R1Z2,R1Z7,,
2025,R2Z3,R1Z3,R1Z6,,
2025,R2Z4,R1Z4,R1Z5,,
2025,R3W1,R2W1,R2W4,,
2025,R3W2,R2W2,R2W3,,
2025,R3X1,R2X1,R2X4,,
2025,R3X2,R2X2,R2X3,,
2025,R3Y1,R2Y1,R2Y4,,
2025,R3Y2,R2Y2,R2Y3,,
2025,R3Z1,R2Z1,R2Z4,,
2025,R3Z2,R2Z2,R2Z3,,
2025,R4W1,R3W1,R3W2,,
2025,R4X1,R3X1,R3X2,,
2025,R4Y1,R3Y1,R3Y2,,
2025,R4Z1,R3Z1,R3Z2,,
2025,R5WX,R4W1,R4X1,,
2025,R5YZ,R4Y1,R4Z1,,
2025,R6CH,R5WX,R5YZ,,
2025,W16,W16a,W16b,American Univ,Mt St. Mary's
2025,X11,X11a,X11b,Texas,Xavier
2025,Y11,Y11a,Y11b,North Carolina,San Diego St.
2025,Y16,Y16a,Y16b,Alabama St.,Saint Francis PA
